Workbook

Sheet Res.
B3: Estoque de Vinhos
B6: TINTO
B8: Pais | N8: Estoque
B9: FRANÇA | N9: =+'T. Fr'!K1045+'T.Fr. B.'!K843+'T.Fr.R.'!K497 -> 2434
B11: PORTUGAL | N11: =+'T. Pt'!K311 -> 273
B13: ESPANHA | N13: =+'T. Es'!K555 -> 510
B15: ITÁLIA | N15: =+'T. It'!K993 -> 796
B17: CHILE | N17: =+#REF! -> #REF!
B19: ARGENTINA | N19: =+#REF! -> #REF!
B21: ESTADOS UNIDOS DA AMÉRICA | N21: =+'T. US'!K643 -> 603
B23: AUSTRÁLIA | N23: =+'T. Aust'!K199 -> 190
B25: NOVA ZELÂNDIA | N25: =+#REF! -> #REF!
B27: ÁFRICA DO SUL | N27: =+#REF! -> #REF!
B29: ALEMANHA | N29: =+#REF! -> #REF!
B31: BRASIL + OUTROS | N31: =+#REF!+#REF! -> #REF!
B33: TOTAL DE VINHOS TINTOS | N33: =SUM(N9:N32) -> #REF!
B36: BRANCO
B38: Pais | N38: Estoque
B39: FRANÇA | N39: =+'B. Fr'!K31+'B.Fr.B.'!K427+'B.Fr.R.'!K131 -> 355
B41: PORTUGAL | N41: =+'B. Pt'!K113 -> 119
B43: ESPANHA | N43: =+'B. Es'!K35 -> 18
B45: ITÁLIA | N45: =+'B. It'!K43 -> 26
B47: CHILE | N47: =+#REF! -> #REF!
B49: ARGENTINA | N49: =+#REF! -> #REF!
B51: ESTADOS UNIDOS DA AMÉRICA | N51: =+'B. US'!K123 -> 74
B53: AUSTRÁLIA | N53: =+#REF! -> #REF!
B55: NOVA ZELÂNDIA | N55: =+#REF! -> #REF!
B57: ÁFRICA DO SUL | N57: =+#REF! -> #REF!
B59: ALEMANHA | N59: =+#REF! -> #REF!
B61: BRASIL + OUTROS | N61: =+#REF!+#REF! -> #REF!
B63: TOTAL DE VINHOS BRANCOS | N63: =SUM(N39:N62) -> #REF!
B65: TOTAL DE VINHOS DOCES | N65: =+#REF!+#REF!+#REF!+#REF!+#REF!+#REF!+#REF! -> #REF!
B67: TOTAL DE CHAMPAGNE | N67: =+#REF! -> #REF!
B69: TOTAL DE FORTIFICADOS | N69: =+#REF!+#REF!+#REF! -> #REF!
B71: TOTAL DE VINHOS TINTOS, VINHOS BRANCOS, FORTICADOS E CHAMPAGNE | N71: =+N33+N63+N65+N67+N69 -> #REF! | O71: =-N71+8256 -> #REF!
O74: =-N71+8256 -> #REF!

Sheet T. Fr
C3: ADEGA RICARDO SENA
C6: VINHOS DA FRANÇA
B7: TINTO
B9: Vinho | G9: Safra | H9: R.P. | I9: W.S. | J9: Beber | K9: Estoque
J10: R.P.
B11: BORDEAUX
B13: MÉDOC - PAUILLAC
B15: Latour | G15: 1955 | H15: 94 | J15: 00 - 20 | K15: 1
B17: Latour | G17: 1970 | H17: 89 | K17: 1
B19: Latour - Magnum | G19: 1970 | H19: 89 | K19: 1
B21: Latour | G21: 1982 | H21: 100 | I21: 98 | J21: 12 - 45 | K21: 2
B23: Latour | G23: 1989 | H23: 89 | J23: 00 - 20 | K23: 1
B25: Latour | G25: 1990 | H25: 95+ | I25: 100 | J25: 16 - 35 | K25: 5
B27: Latour - Magnum | G27: 1990 | H27: 95+ | I27: 100 | J27: 16 - 35 | K27: 1
B29: Latour | G29: 1994 | H29: 94 | I29: 91 | J29: 14 - 34 | K29: 1
B31: Latour | G31: 1995 | H31: 96 | I31: 94 | J31: 12 - 50 | K31: 5
B33: Latour - Magnum | G33: 1995 | H33: 96 | I33: 94 | J33: 12 - 50 | K33: 1
B35: Latour | G35: 1996 | H35: 95+ | I35: 96 | J35: 25 - 65 | K35: 5
B37: Latour - Magnum | G37: 1996 | H37: 95+ | I37: 96 | J37: 25 - 65 | K37: 1
B39: Latour | G39: 1998 | H39: 90 | I39: 90 | J39: 09 - 30 | K39: 2
B41: Latour | G41: 1999 | H41: 94 | I41: 93 | J41: 15 - 39 | K41: 2
B43: Latour | G43: 2001 | H43: 95 | I43: 95 | J43: 07 - 25 | K43: 3
B45: Latour | G45: 2002 | H45: 96 | I45: 96 | J45: 12 - 45 | K45: 2
B47: Latour | G47: 2003 | H47: 100 | I47: 98 | J47: 14 - 34 | K47: 4
B49: Latour - Magnum | G49: 2011 | H49: 93 - 95 | J49: 16 - 36 | K49: 1
B51: Lafite Rothschild | G51: 1953 | H51: 100 | K51: 1
B53: Lafite Rothschild | G53: 1955 | K53: 1
B55: Lafite Rothschild | G55: 1966 | H55: 84 | K55: 1
B57: Lafite Rothschild | G57: 1976 | H57: 93 | J57: 96 - 05 | K57: 2
B59: Lafite Rothschild | G59: 1979 | H59: 87 | J59: 97 - 12 | K59: 1
B61: Lafite Rothschild | G61: 1986 | H61: 95+ | I61: 94 | J61: 16 - 46 | K61: 4
B63: Lafite Rothschild | G63: 1989 | H63: 90 | J63: 06 - 25 | K63: 3
B65: Lafite Rothschild | G65: 1990 | H65: 96 | I65: 95 | J65: 14 - 44 | K65: 5
B67: MÉDOC - PAUILLAC (continuação)
B69: Lafite Rothschild | G69: 1995 | H69: 95 | I69: 96 | J69: 08 - 28 | K69: 3
B71: Lafite Rothschild - Magnum | G71: 1995 | H71: 95 | I71: 96 | J71: 08 - 28 | K71: 1
B73: Lafite Rothschild | G73: 1996 | H73: 98 | I73: 95 | J73: 20 - 50 | K73: 4
B75: Lafite Rothschild | G75: 1998 | H75: 96 | I75: 95 | J75: 18 - 38 | K75: 5
B77: Lafite Rothschild - Magnum | G77: 1998 | H77: 96 | I77: 95 | J77: 18 - 38 | K77: 1
B79: Lafite Rothschild | G79: 1999 | H79: 93 | I79: 95 | J79: 09 - 39 | K79: 2
B81: Lafite Rothschild | G81: 2001 | H81: 94 | I81: 96 | J81: 07 - 20 | K81: 3
B83: Lafite Rothschild | G83: 2002 | H83: 94 | I83: 95 | J83: 08 - 25 | K83: 2
B85: Lafite Rothschild | G85: 2003 | H85: 100 | I85: 96 | J85: 14 - 39 | K85: 3
B87: Lafite Rothschild | G87: 2006 | H87: 95 | I87: 95 | J87: 18 - 45 | K87: 1
B89: Lafite Rothschild | G89: 2009 | H89: 97 | J89: 19- 49 | K89: 1
B91: Mouton Rothschild | G91: 1955 | H91: 98 | I91: 95 | J91: 75 - 35 | K91: 1
B93: Mouton Rothschild | G93: 1982 | H93: 100 | I93: 98 | J93: 12 - 45 | K93: 6
B95: Mouton Rothschild | G95: 1986 | H95: 100 | I95: 99 | J95: 21 - 50 | K95: 3
B97: Mouton Rothschild - Magnum | G97: 1986 | H97: 100 | I97: 99 | J97: 21 - 50 | K97: 2
B99: Mouton Rothschild | G99: 1989 | H99: 93 | J99: 16 - 35 | K99: 1
B101: Mouton Rothschild | G101: 1990 | H101: 90 | J101: 19 - 30 | K101: 1
B103: Mouton Rothschild | G103: 1995 | H103: 94+ | I103: 94 | J103: 20 - 55 | K103: 9
B105: Mouton Rothschild | G105: 1996 | H105: 97+ | I105: 96 | J105: 19 - 56 | K105: 2
B107: Mouton Rothschild | G107: 1998 | H107: 97 | I107: 91 | J107: 18 - 43 | K107: 6
B109: Mouton Rothschild | G109: 1999 | H109: 92 | I109: 91 | J109: 17 - 30 | K109: 2
B111: Mouton Rothschild | G111: 2000 | H111: 97+ | I111: 93 | J111: 20 - 55 | K111: 3
B113: Mouton Rothschild | G113: 2001 | H113: 89 | I113: 94 | J113: 13 - 25 | K113: 2
B115: Mouton Rothschild | G115: 2002 | H115: 91 | I115: 91 | J115: 17 - 27 | K115: 2
B117: Mouton Rothschild | G117: 2003 | H117: 91 | I117: 94 | J117: 14 - 29 | K117: 6
B119: Mouton Rothschild | G119: 2004 | H119: 92 | I119: 93 | J119: 18 - 35 | K119: 1
B121: Mouton Rothschild | G121: 2005 | H121: 98 | I121: 95 | J121: 19 - 55 | K121: 5
B123: MÉDOC - PAUILLAC (continuação)
B125: Mouton Rothschild | G125: 2006 | H125: 96 | I125: 94 | J125: 23 - 55 | K125: 4
B127: Mouton Rothschild | G127: 2008 | H127: 95 | J127: 21 - 45 | K127: 1
B129: Mouton Rothschild | G129: 2009 | H129: 99 | J129: 20 - 60 | K129: 5
B131: Mouton Rothschild | G131: 2010 | H131: 98 | J131: 23 - 60 | K131: 1
B133: Mouton Rothschild | G133: 2011 | H133: 92 | J133: 18 - 38 | K133: 1
B135: Mouton Rothschild | G135: 2012 | H135: 96 | J135: 25 - 50 | K135: 1
B137: Mouton Rothschild | G137: 2013 | H137: 92 | J137: 19 - 35 | K137: 1
B139: Mouton Rothschild | G139: 2014 | H139: 95 | J139: 22 - 60 | K139: 1
B141: Mouton Rothschild | G141: 2015 | H141: 98 | J141: 25 - 55 | K141: 1
B143: Mouton Rothschild - Magnum | G143: 2015 | H143: 98 | J143: 25 - 55 | K143: 1
B145: Mouton Rothschild | G145: 2016 | H145: 100 | J145: 22 - 85 | K145: 1
B147: Lynch Bages | G147: 1982 | H147: 94 | I147: 94 | J147: 02 - 35 | K147: 3
B149: Lynch Bages | G149: 1985 | H149: 94 | J149: 95 - 30 | K149: 2
B151: Lynch Bages | G151: 1986 | H151: 94 | J151: 16 - 40 | K151: 5
B153: Lynch Bages | G153: 1989 | H153: 99 | I153: 96 | J153: 20 - 60 | K153: 6
B155: Lynch Bages | G155: 1990 | H155: 97 | I155: 94 | J155: 10 - 50 | K155: 7
B157: Lynch Bages - Magnum | G157: 1990 | H157: 97 | I157: 94 | J157: 10 - 50 | K157: 2
B159: Lynch Bages | G159: 1996 | H159: 91 | I159: 92 | J159: 16 - 36 | K159: 1
B161: Lynch Bages - Magnum | G161: 1996 | H161: 91 | I161: 92 | J161: 16 - 36 | K161: 1
B163: Lynch Bages | G163: 2000 | H163: 97 | J163: 11 - 36 | K163: 5
B165: Lynch Bages | G165: 2009 | H165: 96 | J165: 19 - 44 | K165: 5
B167: Duhart - Milon | G167: 2005 | H167: 93 | I167: 93 | J167: 15 - 35 | K167: 1
B169: Pichon Longueville Comtesse de Lalande | G169: 1982 | H169: 100 | I169: 95 | J169: 02 - 35 | K169: 5
B171: Pichon Longueville Comtesse de Lalande | G171: 1986 | H171: 95 | I171: 97 | J171: 16 - 30 | K171: 1
B173: Pichon Longueville Comtesse de Lalande | G173: 1995 | H173: 96 | I173: 94 | J173: 01 - 20 | K173: 4
B175: Pichon Longueville Comtesse de Lalande - Magnum | G175: 1995 | H175: 96 | I175: 94 | J175: 01 - 20 | K175: 1
B177: Pichon Longueville Comtesse de Lalande - Magnum | G177: 1996 | H177: 97 | I177: 92 | J177: 16 - 56 | K177: 1
B179: MÉDOC - PAUILLAC (continuação)
B181: Pichon Longueville Comtesse de Lalande | G181: 1996 | H181: 97 | I181: 92 | J181: 16 - 56 | K181: 1
B183: Pichon Longueville Comtesse de Lalande | G183: 2000 | H183: 96 | I183: 95 | J183: 20 - 50 | K183: 6
B185: Pichon Longueville Comtesse de Lalande | G185: 2001 | H185: 93 | I185: 92 | J185: 07 - 18 | K185: 2
B187: Pichon Longueville Comtesse de Lalande | G187: 2002 | H187: 94 | I187: 91 | J187: 10 - 25 | K187: 3
B189: Pichon Longueville Comtesse de Lalande | G189: 2003 | H189: 95 | I189: 93 | J189: 14 - 26 | K189: 1
B191: Pichon Longueville Comtesse de Lalande | G191: 2005 | H191: 89 | I191: 93 | J191: 15 - 30 | K191: 3
B193: Pichon Longueville Comtesse de Lalande | G193: 2009 | H193: 97+ | J193: 20 - 53 | K193: 7
B195: Pichon Longueville Comtesse de Lalande | G195: 2015 | H195: 96 | J195: 23 - 40 | K195: 4
B197: Pichon Longueville Comtesse de Lalande - Magnum | G197: 2015 | H197: 96 | J197: 23 - 40 | K197: 1
B199: Pichon Longueville Baron | G199: 1982 | H199: 92 | I199: 94 | J199: 09 - 17 | K199: 2
...

Sheet T.Fr. B.
C3: ADEGA RICARDO SENA
C6: VINHOS DA FRANÇA
B7: TINTO
B9: Vinho | G9: Safra | H9: R.P. | I9: W.S. | J9: C.C. | K9: Estoque
B11: BOURGOGNE
B13: DRC - La Tâche - GC | G13: 1973 | K13: 1
B15: DRC - La Tâche - GC | G15: 1983 | H15: 92 | J15: 18.5 | K15: 1
B17: DRC - La Tâche - GC | G17: 1989 | H17: 89 | J17: 20 | K17: 1
B19: DRC - La Tâche - GC | G19: 1995 | H19: 95 | I19: 95 | J19: 18.5 | K19: 1
B21: DRC - La Tâche - GC | G21: 1996 | H21: 94 - 97 | I21: 96 | J21: 19.5 | K21: 1
B23: DRC - La Tâche - GC | G23: 1998 | J23: 18.5 | K23: 1
B25: DRC - La Tâche - GC | G25: 2006 | H25: 94 | I25: 97 | J25: 19 | K25: 1
B27: DRC - La Tâche - GC | G27: 2007 | H27: 93 | I27: 95 | J27: 19 | K27: 2
B29: DRC - La Tâche - GC | G29: 2011 | H29: 95 | K29: 1
B31: DRC - Richebourg - GC | G31: 1969 | H31: 87 | K31: 1
B33: DRC - Richebourg - GC | G33: 1985 | H33: 96 | I33: 100 | J33: 18 | K33: 1
B35: DRC - Richebourg - GC | G35: 1990 | H35: 95 | K35: 1
B37: DRC - Richebourg - GC | G37: 1991 | H37: 94 | J37: 18 | K37: 1
B39: DRC - Richebourg - GC | G39: 1993 | H39: 91 | J39: 17.5 | K39: 1
B41: DRC - Richebourg - GC | G41: 1995 | H41: 90+ | I41: 98 | K41: 2
B43: DRC - Richebourg - GC | G43: 1996 | H43: 96 | K43: 1
B45: DRC - Richebourg - GC | G45: 1997 | H45: 93 | J45: 18 | K45: 2
B47: DRC - Richebourg - GC | G47: 2003 | H47: 97 | K47: 2
B49: DRC - Richebourg - GC | G49: 2004 | I49: 94 | K49: 1
B51: DRC - Richebourg - GC | G51: 2006 | H51: 93 | I51: 95 | J51: 18 | K51: 2
B53: DRC - Richebourg - GC | G53: 2007 | H53: 94 | I53: 97 | J53: 17.5 | K53: 2
B55: DRC - Romanée-St-Vivant - GC | G55: 1988 | H55: 90 | J55: 19 | K55: 1
B57: DRC - Romanée-St-Vivant - GC | G57: 1990 | H57: 95 | J57: 19.5 | K57: 2
B59: DRC - Romanée-St-Vivant - GC | G59: 1996 | H59: 94 | I59: 95 | J59: 17 | K59: 1
B61: DRC - Romanée-St-Vivant - GC | G61: 2000 | J61: 17.5 | K61: 1
B63: DRC - Romanée-St-Vivant - GC | G63: 2002 | H63: 95 | I63: 95 | J63: 19 | K63: 1
B65: DRC - Romanée-St-Vivant - GC | G65: 2005 | H65: 96 - 97 | I65: 95 | K65: 1
B67: BOURGOGNE ( continuação )
B69: DRC - Romanée-St-Vivant - GC | G69: 2006 | H69: 95 | I69: 95 | J69: 17.5 | K69: 1
B71: DRC - Romanée-St-Vivant - GC | G71: 2007 | H71: 93 | I71: 94 | J71: 18.5 | K71: 1
B73: DRC - Romanée-St-Vivant - GC | G73: 2008 | H73: 94 | I73: 94 | J73: 18.5 | K73: 2
B75: DRC - Grands Échézeaux - GC | G75: 1993 | H75: 90 | J75: 17 | K75: 1
B77: DRC - Grands Échézeaux - GC | G77: 1995 | H77: 92 | I77: 93 | K77: 2
B79: DRC - Grands Échézeaux - GC - Magnum | G79: 2004 | K79: 1
B81: DRC - Grands Échézeaux - GC | G81: 2005 | H81: 95 - 96 | I81: 95 | K81: 2
B83: DRC - Grands Échézeaux - GC | G83: 2007 | H83: 92 | I83: 93 | J83: 17 | K83: 1
B85: DRC - Échézeaux - GC | G85: 1986 | H85: 90 | K85: 1
B87: DRC - Échézeaux - GC | G87: 1990 | H87: 92 | I87: 97 | J87: 18 | K87: 1
B89: DRC - Échézeaux - GC | G89: 1995 | H89: 91 | I89: 93 | J89: 17.5 | K89: 2
B91: DRC - Échézeaux - GC | G91: 1996 | H91: 90 - 92 | I91: 91 | K91: 1
B93: DRC - Échézeaux - GC | G93: 2003 | H93: 95 | K93: 2
B95: DRC - Échézeaux - GC | G95: 2005 | H95: 94 - 95 | I95: 93 | K95: 1
B97: DRC - Échézeaux - GC | G97: 2006 | H97: 94 | I97: 92 | J97: 16.5 | K97: 2
B99: DRC - Échézeaux - GC | G99: 2007 | H99: 90 | I99: 91 | J99: 17.5 | K99: 1
B101: Leroy - Richebourg - GC | G101: 1996 | H101: 97 | J101: 17.5 | K101: 1
B103: Leroy - Richebourg - GC | G103: 1997 | H103: 98 | I103: 93 | J103: 17 | K103: 1
B105: Leroy - Richebourg - GC | G105: 2000 | H105: 94 | I105: 90 | K105: 1
B107: Leroy - Romanee Saint Vivant GC | G107: 2007 | H107: 95 | J107: 19 | K107: 1
B109: Leroy -Vosne Romanée - Les Beaux Monts | G109: 1990 | H109: 92 | J109: 17.5 | K109: 1
B111: Leroy -Vosne Romanée - Aux Genaivrières | G111: 2011 | H111: 89 | K111: 1
B113: Leroy -Vosne Romanée - Aux Genaivrières | G113: 2013 | H113: 89 - 91 | K113: 1
B115: Leroy - Nuits-Saint-Georges - Les Vigneronds | G115: 1995 | H115: 91 - 94 | K115: 1
B117: Leroy - Nuits-Saint-Georges | G117: 2002 | H117: 91 | K117: 1
B119: Leroy - Nuits-Saint-Georges | G119: 2004 | K119: 1
B121: Leroy - Clos de Vougeot - GC | G121: 1992 | H121: 89 | J121: 16 | K121: 1
B123: BOURGOGNE ( continuação )
B125: Leroy - Clos de Vougeot - GC | G125: 1999 | H125: 93 | I125: 93 | J125: 18.5 | K125: 1
B127: Leroy - Clos de Vougeot - GC | G127: 2003 | H127: 97 | I127: 95 | J127: 12 | K127: 1
B129: Leroy - Clos de La Roche - GC | G129: 1996 | H129: 99 | J129: 19 | K129: 1
B131: Leroy - Corton - Renardes - GC | G131: 1995 | H131: 93 | J131: 17 | K131: 2
B133: Leroy - Corton - Renardes - GC | G133: 2002 | H133: 95 | K133: 1
B135: Leroy - Latricières Chambertin - GC | G135: 2002 | H135: 94 | K135: 1
B137: Leroy - Latricières Chambertin - GC | G137: 2007 | H137: 94 | J137: 13.5 | K137: 1
B139: Leroy - Gevrey Chambertin | G139: 2004 | K139: 1
B141: Leroy - Bourgogne | G141: 1990 | K141: 1
B143: Leroy - Bourgogne | G143: 2018 | K143: 3
B145: Leroy - Leroy D'Auvenay Bourgogne | G145: 1969 | K145: 1
B147: Leroy - Chorey-les Beaune | G147: 1985 | K147: 2
B149: Armand Rousseau - Chambertin - GC | G149: 1984 | K149: 1
B151: Armand Rousseau - Chambertin - GC | G151: 1986 | H151: 90 | K151: 1
B153: Armand Rousseau - Chambertin - GC | G153: 1995 | H153: 94 | I153: 96 | J153: 20 | K153: 1
B155: Armand Rousseau - Chambertin - GC | G155: 1997 | H155: 91 - 93 | K155: 1
B157: Armand Rousseau - Chambertin - GC | G157: 2000 | H157: 90 | J157: 19.5 | K157: 2
B159: Armand Rousseau - Chambertin - GC | G159: 2001 | H159: 95 | J159: 19.5 | K159: 2
B161: Armand Rousseau - Chambertin - GC | G161: 2002 | H161: 94 - 96 | J161: 20 | K161: 2
B163: Armand Rousseau - Chambertin - GC | G163: 2003 | H163: 92 | I163: 96 | J163: 20 | K163: 2
B165: Armand Rousseau - Chambertin - GC | G165: 2006 | H165: 93 - 94 | J165: 19.5 | K165: 2
B167: Armand Rousseau - Chambertin - GC | G167: 2009 | H167: 95+ | K167: 1
B169: Armand Rousseau - Chambertin Clos de Bèze - GC | G169: 1988 | H169: 85 | J169: 19.5 | K169: 2
B171: Armand Rousseau - Chambertin Clos de Bèze - GC | G171: 1990 | H171: 90 | J171: 18 | K171: 1
B173: Armand Rousseau - Chambertin Clos de Bèze - GC | G173: 1995 | H173: 91 - 94 | J173: 19.5 | K173: 1
B175: Armand Rousseau - Chambertin Clos de Bèze - GC | G175: 1996 | H175: 93 | J175: 19.5 | K175: 1
B177: Armand Rousseau - Chambertin Clos de Bèze - GC | G177: 1997 | H177: 91 - 94 | K177: 1
B179: BOURGOGNE ( continuação )
B181: Armand Rousseau - Chambertin Clos de Bèze - GC | G181: 2002 | H181: 94 - 96 | J181: 19.5 | K181: 2
B183: Armand Rousseau - Chambertin Clos de Bèze - GC | G183: 2006 | H183: 94 - 95 | I183: 96 | J183: ok | K183: 3
B185: Armand Rousseau - Chambertin Clos de Bèze - GC | G185: 2007 | H185: 93 | J185: 18 | K185: 1
B187: Armand Rousseau - Chambertin Clos de Bèze - GC | G187: 2008 | H187: 96+ | J187: 19 | K187: 2
B189: Armand Rousseau - Chambertin Clos de Bèze - GC | G189: 2010 | H189: 94 - 96 | K189: 1
B191: Armand Rousseau - Mazy Chambertin - GC | G191: 2001 | K191: 1
B193: Armand Rousseau - Mazy Chambertin - GC | G193: 2002 | H193: 87 - 89 | K193: 1
B195: Armand Rousseau - Mazy Chambertin - GC | G195: 2005 | H195: 89 - 91 | K195: 1
B197: Armand Rousseau - Mazy Chambertin - GC | G197: 2006 | H197: 88 | I197: 95 | K197: 2
B199: Armand Rousseau - Mazy Chambertin - GC | G199: 2014 | H199: 92 - 94 | K199: 1
B201: Armand Rousseau - Ruchottes Chambertin - Clos des Ruchottes - GC | G201: 1990 | H201: 94 | J201: 18.5 | K201: 1
...

Sheet T.Fr.R.
C3: ADEGA RICARDO SENA
C6: VINHOS DA FRANÇA
B7: TINTO
B9: Vinho | G9: Safra | H9: R.P. | I9: W.S. | J9: Beber | K9: Estoque
J10: R.P.
B11: RHÔNE
B13: CÔTE ROTIE
B15: E Guigal - La Mouline | G15: 1982 | H15: 99 | I15: 87 | J15: 95 - 08 | K15: 1
B17: E Guigal - La Mouline | G17: 1985 | H17: 100 | I17: 97 | J17: 96 - 12 | K17: 1
B19: E Guigal - La Mouline | G19: 1988 | H19: 100 | I19: 95 | J19: 99 - 15 | K19: 2
B21: E Guigal - La Mouline | G21: 1990 | H21: 99 | I21: 98 | J21: 97 - 18 | K21: 2
B23: E Guigal - La Mouline | G23: 1991 | H23: 100 | I23: 92 | J23: 96 - 12 | K23: 2
B25: E Guigal - La Mouline | G25: 1995 | H25: 99 | I25: 95 | J25: 99 - 19 | K25: 2
B27: E Guigal - La Mouline | G27: 1996 | H27: 93 | I27: 92 | J27: 01 - 13 | K27: 1
B29: E Guigal - La Mouline | G29: 1997 | H29: 96 | I29: 97 | J29: 02 - 15 | K29: 2
B31: E Guigal - La Mouline | G31: 1998 | H31: 97 | I31: 92 | J31: 04 - 22 | K31: 2
B33: E Guigal - La Mouline | G33: 1999 | H33: 100 | I33: 99 | K33: 4
B35: E Guigal - La Mouline | G35: 2001 | H35: 95+ | I35: 96 | J35: 16 - 26 | K35: 3
B37: E Guigal - La Mouline | G37: 2003 | H37: 100 | I37: 99 | K37: 4
B39: E Guigal - La Mouline | G39: 2004 | H39: 95 | J39: 14 - 29 | K39: 2
B41: E Guigal - La Mouline | G41: 2005 | H41: 100 | I41: 99 | J41: 14 - 44 | K41: 4
B43: E Guigal - La Mouline | G43: 2006 | H43: 95 | J43: 14 - 24 | K43: 2
B45: E Guigal - La Mouline | G45: 2007 | H45: 96+ | I45: 96 | J45: 17 - 32 | K45: 3
B47: E Guigal - La Mouline | G47: 2009 | H47: 100 | J47: 17 - 47 | K47: 2
B49: E Guigal - La Landonne | G49: 1983 | H49: 98 | I49: 92 | J49: 01 - 25 | K49: 1
B51: E Guigal - La Landonne | G51: 1985 | H51: 100 | I51: 100 | J51: 00 - 25 | K51: 2
B53: E Guigal - La Landonne | G53: 1990 | H53: 100 | I53: 97 | J53: 04 - 42 | K53: 4
B55: E Guigal - La Landonne | G55: 1991 | H55: 99 | I55: 95 | J55: 00 - 30 | K55: 2
B57: E Guigal - La Landonne | G57: 1995 | H57: 99+ | I57: 94 | J57: 99 - 19 | K57: 1
B59: E Guigal - La Landonne | G59: 1997 | H59: 98 | I59: 97 | J59: 03 - 22 | K59: 1
B61: E Guigal - La Landonne | G61: 1998 | H61: 100 | I61: 95 | J61: 07 - 25 | K61: 4
B63: E Guigal - La Landonne | G63: 1999 | H63: 100 | I63: 98 | J63: 15 - 30 | K63: 3
B65: E Guigal - La Landonne | G65: 2003 | H65: 100 | I65: 98 | J65: 15 - 40 | K65: 4
B67: CÔTE ROTIE (continuação )
B69: E Guigal - La Landonne | G69: 2004 | H69: 94 | J69: 15 - 25 | K69: 1
B71: E Guigal - La Landonne | G71: 2005 | H71: 100 | I71: 98 | J71: 20 - 55 | K71: 5
B73: E Guigal - La Landonne | G73: 2006 | H73: 96+ | I73: 97 | J73: 19 - 46 | K73: 3
B75: E Guigal - La Landonne | G75: 2007 | H75: 97 | I75: 97 | J75: 15 - 42 | K75: 3
B77: E Guigal - La Landonne | G77: 2013 | H77: 95+ | J77: 25 - 45 | K77: 1
B79: E Guigal - La Turque | G79: 1985 | H79: 100 | I79: 95 | J79: 96 - 12 | K79: 1
B81: E Guigal - La Turque | G81: 1988 | H81: 100 | I81: 92 | J81: 00 - 15 | K81: 2
B83: E Guigal - La Turque | G83: 1990 | H83: 98 | I83: 95 | J83: 98 - 16 | K83: 1
B85: E Guigal - La Turque | G85: 1995 | H85: 100 | I85: 94 | J85: 99 - 19 | K85: 2
B87: E Guigal - La Turque | G87: 1998 | H87: 98 | I87: 95 | J87: 05 - 22 | K87: 4
B89: E Guigal - La Turque | G89: 1999 | H89: 100 | I89: 99 | J89: 06 - 25 | K89: 4
B91: E Guigal - La Turque | G91: 2001 | H91: 95 - 97 | I91: 97 | J91: 04 - 29 | K91: 2
B93: E Guigal - La Turque | G93: 2003 | H93: 100 | I93: 98 | J93: 13 - 46 | K93: 3
B95: E Guigal - La Turque | G95: 2005 | H95: 100 | I95: 99 | J95: 18 - 45 | K95: 5
B97: E Guigal - La Turque | G97: 2006 | H97: 94+ | I97: 97 | J97: 19 - 39 | K97: 2
B99: E Guigal - La Turque | G99: 2007 | H99: 97 | I99: 96 | J99: 15 - 37 | K99: 1
B101: E Guigal - La Turque | G101: 2009 | H101: 100 | J101: 16 - 46 | K101: 1
B103: Marius Gentaz - Dervieux | G103: 1979 | K103: 1
B105: Marius Gentaz - Dervieux - Cote Brune | G105: 1982 | K105: 1
B107: Rene Rostaing - Côte Blonde | G107: 1998 | H107: 96 | I107: 92 | J107: 14 - 24 | K107: 1
B109: Michel & Stephane Ogier - Cuvée Belle Helene - Côte Rozier | G109: 1999 | H109: 100 | I109: 97 | J109: 08 - 30 | K109: 2
B111: Michel & Stephane Ogier - Cuvée Belle Helene - Côte Rozier | G111: 2005 | H111: 97 | I111: 97 | J111: 19 - 34 | K111: 3
B113: Michel & Stephane Ogier - Cuvée Belle Helene - Côte Blonde | G113: 2006 | H113: 95 | I113: 95 | J113: 09 - 29 | K113: 1
B115: M. Chapoutier - La Mordoree | G115: 1991 | H115: 100 | I115: 86 | J115: 96 - 20 | K115: 3
B117: CÔTE ROTIE ( total ) | K117: 114 | L117: =+K117 -> 114
B119: HERMITAGE
B121: Jean Louis Chave - Cuvée Cathelin | G121: 1995 | H121: 97 | I121: 98 | J121: 07 - 37 | K121: 2
B123: HERMITAGE ( continuação )
B125: Jean Louis Chave | G125: 1984 | H125: 78 | K125: 1
B127: Jean Louis Chave | G127: 1986 | H127: 88 | K127: 1
B129: Jean Louis Chave | G129: 1989 | H129: 95 | J129: 05 - 30 | K129: 2
B131: Jean Louis Chave | G131: 1990 | H131: 99 | J131: 05 - 40 | K131: 2
B133: Jean Louis Chave | G133: 1992 | H133: 88 | K133: 1
B135: Jean Louis Chave | G135: 1995 | H135: 95 | I135: 98 | J135: 16 - 36 | K135: 1
B137: Jean Louis Chave | G137: 1998 | H137: 95+ | J137: 17 - 28 | K137: 1
B139: Jean Louis Chave | G139: 1999 | H139: 96 | I139: 95 | J139: 09 - 52 | K139: 2
B141: Jean Louis Chave | G141: 2000 | H141: 96 | I141: 95 | J141: 07 - 35 | K141: 3
B143: Jean Louis Chave | G143: 2001 | H143: 91 - 95 | K143: 1
B145: Jean Louis Chave | G145: 2003 | H145: 100 | I145: 99 | J145: 06 - 46 | K145: 5
B147: Jean Louis Chave | G147: 2005 | H147: 96 | I147: 98 | J147: 18 - 50 | K147: 3
B149: Jean Louis Chave | G149: 2006 | H149: 96 | I149: 99 | J149: 14 - 35 | K149: 2
B151: Jean Louis Chave | G151: 2008 | H151: 90 | J151: 11 - 23 | K151: 1
B153: Jean Louis Chave | G153: 2009 | H153: 100 | I153: 93 | J153: 21 - 71 | K153: 2
B155: Paul Jaboulet Ainé - La Chapelle | G155: 1978 | H155: 100 | I155: 99 | J155: 00 - 30 | K155: 1
B157: Paul Jaboulet Ainé - La Chapelle | G157: 1982 | H157: 92 | J157: 00 - 10 | K157: 3
B159: Paul Jaboulet Ainé - La Chapelle | G159: 1985 | H159: 95 | J159: 02 - 25 | K159: 1
B161: Paul Jaboulet Ainé - La Chapelle | G161: 1989 | H161: 96 | J161: 10 - 50 | K161: 3
B163: Paul Jaboulet Ainé - La Chapelle | G163: 1990 | H163: 100 | I163: 97 | J163: 05 - 50 | K163: 7
B165: Paul Jaboulet Ainé - La Chapelle | G165: 2003 | H165: 95+ | J165: 11 - 36 | K165: 3
B167: Paul Jaboulet Ainé - La Chapelle | G167: 2009 | H167: 97+ | I167: 95 | J167: 18 - 58 | K167: 2
B169: Paul Jaboulet Ainé - La Chapelle | G169: 2011 | H169: 95 | J169: 16 - 40 | K169: 3
B171: Paul Jaboulet Ainé - La Chapelle | G171: 2017 | H171: 98 | J171: 22 - 45 | K171: 1
B173: M. Chapoutier - Le Pavillon | G173: 1989 | H173: 100 | J173: 00 - 25 | K173: 2
B175: M. Chapoutier - Le Pavillon | G175: 1990 | H175: 100 | I175: 85 | J175: 02 - 35 | K175: 3
B177: M. Chapoutier - Le Pavillon | G177: 1991 | H177: 100 | I177: 87 | J177: 01 - 35 | K177: 1
B179: HERMITAGE ( continuação )
B181: M. Chapoutier - Le Pavillon | G181: 1992 | H181: 95 | I181: 87 | J181: 00 - 20 | K181: 2
B183: M. Chapoutier - Le Pavillon | G183: 1995 | H183: 99 | I183: 94 | J183: 07 - 50 | K183: 2
B185: M. Chapoutier - Le Pavillon | G185: 1998 | H185: 98 | J185: 10 - 50 | K185: 4
B187: M. Chapoutier - Le Pavillon | G187: 2000 | H187: 98 | I187: 94 | J187: 07 - 40 | K187: 2
B189: M. Chapoutier - Le Pavillon | G189: 2003 | H189: 100 | I189: 95 | J189: 06 - 56 | K189: 3
B191: M. Chapoutier - Le Pavillon | G191: 2005 | H191: 100 | I191: 96 | J191: 17 - 92 | K191: 3
B193: M. Chapoutier - Le Pavillon | G193: 2006 | H193: 97 | I193: 96 | J193: 18 - 50 | K193: 2
B195: M. Chapoutier - Le Pavillon | G195: 2009 | H195: 100 | I195: 97 | J195: 19 - 99 | K195: 4
B197: M. Chapoutier - Le Pavillon | G197: 2012 | H197: 100 | J197: 22 - 42 | K197: 1
B199: M. Chapoutier - L'Ermite | G199: 1996 | H199: 100 | I199: 98 | J199: 06 - 46 | K199: 5
...

Sheet B. Fr
C3: ADEGA RICARDO SENA
D6: VINHOS DA FRANÇA
B7: BRANCO
B9: Vinho | G9: Safra | H9: R.P. | I9: W.S. | J9: Beber | K9: Estoque
J10: R.P.
B11: BORDEAUX
B13: Smith Haut Lafitte - Pessac Leognan | G13: 2003 | H13: 93 | J13: - 16 | K13: 1
B15: Domaine de Chevalier - Pessac Leognan | G15: 2004 | H15: 94 | J15: - 35 | K15: 1
B17: Domaine de Chevalier - Pessac Leognan | G17: 2006 | H17: 92 | I17: 91 | J17: 11 - 31 | K17: 7
B19: Monbousquet | G19: 2008 | H19: 89 | K19: 1
B21: Pape Clément - Pessac Leognan | G21: 2006 | H21: 98 | I21: 94 | K21: 2
B23: Pape Clément - Pessac Leognan | G23: 2009 | H23: 100 | I23: 93 | K23: 1
B25: Chateau Valoux - Pessac Leognan | G25: 2009 | K25: 1
B27: Chateau Laville Haut-Brion - Pessac Leognan - Magnum | G27: 2005 | H27: 94+ | K27: 2
B29: Blanc de Valandraud N 1 | G29: 2005 | K29: 1
B31: BORDEAUX ( total ) | K31: 17 | L31: =SUM(L13:L30) -> 0
L35: =SUM(K13:K30)-L31 -> 17

Sheet B.Fr.B.
C3: ADEGA RICARDO SENA
D6: VINHOS DA FRANÇA
B7: BRANCO
B9: Vinho | G9: Safra | H9: R.P. | I9: W.S. | J9: C.C | K9: Estoque
B11: BOURGOGNE
B13: Romanée Conti - Montrachet. | G13: 1994 | H13: 93 | I13: 95 | K13: 1
B15: Ramonet - Montrachet | G15: 1983 | H15: 100 | I15: 97 | K15: 1
B17: Ramonet - Montrachet | G17: 1986 | H17: 97 | K17: 1
B19: Ramonet - Montrachet | G19: 1990 | H19: 93 | I19: 98 | K19: 1
B21: Ramonet - Montrachet | G21: 1994 | H21: 90 | I21: 96 | K21: 1
B23: Ramonet - Montrachet - Magnum | G23: 1994 | H23: 90 | I23: 96 | K23: 1
B25: Ramonet - Batard Montrachet | G25: 1992 | H25: 93 | I25: 94 | K25: 1
B27: Ramonet - Batard Montrachet | G27: 2003 | K27: 1
B29: Ramonet - Batard Montrachet | G29: 2006 | I29: 96 | K29: 1
B31: Ramonet - Bienvenue Batard Montrachet | G31: 1982 | I31: 93 | K31: 1
B33: Ramonet - Bienvenue Batard Montrachet | G33: 1988 | I33: 95 | K33: 2
B35: Ramonet - Bienvenue Batard Montrachet | G35: 1990 | H35: 89 | I35: 94 | J35: 18.5 | K35: 1
B37: Ramonet - Bienvenue Batard Montrachet | G37: 2003 | I37: 92 | K37: 1
B39: Coche-Dury - Corton - Charlemagne - G. C. | G39: 1997 | H39: 91 - 93 | I39: 92 | K39: 1
B41: Coche-Dury - Corton - Charlemagne - G. C. | G41: 2006 | H41: 95 - 96 | K41: 1
B43: Coche-Dury - Corton - Charlemagne - G. C. | G43: 2008 | H43: 100 | K43: 2
B45: Coche-Dury - Meursault | G45: 1990 | K45: 1
B47: Coche-Dury - Meursault - Les Rougeots | G47: 1999 | H47: 90 - 91 | K47: 1
B49: Coche-Dury - Meursault - Genevrieres | G49: 2005 | H49: 96 | K49: 1
B51: Leflaive - Batard -Montrachet G. C. | G51: 1990 | H51: 94 | I51: 95 | K51: 1
B53: Leflaive - Batard -Montrachet G. C. | G53: 1992 | H53: 97 | J53: 16 | K53: 2
B55: Leflaive - Batard -Montrachet G. C. | G55: 1999 | H55: 94 | K55: 1
B57: Leflaive - Batard -Montrachet G. C. | G57: 2000 | H57: 90 - 92 | J57: 18 | K57: 1
B59: Leflaive - Batard -Montrachet G. C. | G59: 2005 | K59: 1
B61: Leflaive - Batard -Montrachet G. C. | G61: 2009 | H61: 96 | J61: 17.5 | K61: 2
B63: Leflaive - Batard -Montrachet G. C. | G63: 2011 | H63: 95 | K63: 1
B65: Leflaive - Chevalier -Montrachet G. C. - Magnum | G65: 1997 | H65: 93 | K65: 1
B67: BOURGOGNE (continuação)
B69: Leflaive - Chevalier -Montrachet G. C. | G69: 2009 | H69: 94 | K69: 1
B71: Leflaive - Bienvenues - Batard -Montrachet G. C. | G71: 2006 | K71: 1
B73: Leflaive - Bienvenues - Batard -Montrachet G. C. | G73: 2010 | H73: 97 | K73: 2
B75: Leflaive - Bienvenues - Batard -Montrachet G. C. | G75: 2013 | H75: 93 | K75: 1
B77: Leflaive - Puligny -Montrachet - Les Pucelles | G77: 1983 | K77: 1
B79: Leflaive - Puligny -Montrachet - Les Pucelles | G79: 1988 | K79: 1
B81: Leflaive - Puligny -Montrachet - Les Pucelles - P. C. | G81: 1992 | H81: 96 | K81: 1
B83: Leflaive - Puligny -Montrachet - Les Pucelles - P. C. | G83: 1993 | H83: 93 | K83: 1
B85: Leflaive - Puligny -Montrachet - Les Pucelles - P. C. | G85: 1995 | H85: 92 - 95 | K85: 1
B87: Leflaive - Puligny -Montrachet - Les Pucelles - P. C. | G87: 2005 | H87: 92 | K87: 2
B89: Leflaive - Puligny -Montrachet - Les Pucelles - P. C. | G89: 2006 | K89: 1
B91: Leflaive - Puligny -Montrachet - Les Combettes - P. C. | G91: 1992 | H91: 94 | K91: 1
B93: Leflaive - Puligny -Montrachet - Les Combettes - P. C. | G93: 2013 | H93: 93 - 95 | K93: 1
B95: Leflaive - Puligny -Montrachet - Clavoillon - P. C. | G95: 2011 | H95: 93 | K95: 1
B97: Leflaive - Puligny -Montrachet - Clavoillon - P. C. | G97: 2012 | H97: 89 - 91 | K97: 1
B99: Leflaive - Puligny -Montrachet - Clavoillon - P. C. | G99: 2013 | H99: 91 | K99: 1
B101: Leflaive - Puligny -Montrachet | G101: 1983 | K101: 1
B103: Leflaive - Puligny -Montrachet. | G103: 2002 | H103: 96 - 98 | J103: 16 | K103: 1
B105: Leflaive - Puligny -Montrachet. | G105: 2005 | H105: 90 | K105: 1
B107: Domaine Des Comtes Lafon - Montrachet - G. C. | G107: 1990 | H107: 93 | K107: 1
B109: Domaine Des Comtes Lafon - Montrachet - G. C. | G109: 1995 | H109: 93 - 95 | I109: 98 | K109: 1
B111: Domaine Des Comtes Lafon - Montrachet - G. C. | G111: 1999 | H111: 93 - 95 | I111: 95 | K111: 1
B113: Domaine Des Comtes Lafon - Montrachet - G. C. | G113: 2000 | H113: 93 - 95 | K113: 1
B115: Domaine Des Comtes Lafon - Montrachet - G. C. | G115: 2001 | H115: 95 - 97 | J115: 20 | K115: 1
B117: Domaine Des Comtes Lafon - Montrachet - G. C. | G117: 2002 | H117: 97 | J117: 19.5 | K117: 1
B119: Domaine Des Comtes Lafon - Meursault - Clos de La Barre | G119: 1995 | H119: 90 - 92 | J119: 14 | K119: 2
B121: Domaine Des Comtes Lafon - Meursault | G121: 1994 | K121: 1
B123: BOURGOGNE (continuação)
B125: Domaine Des Comtes Lafon - Meursault | G125: 1997 | J125: 15.5 | K125: 1
B127: Domaine Des Comtes Lafon - Meursault - Charmes - P. C. | G127: 1989 | H127: 98 | K127: 1
B129: Domaine Des Comtes Lafon - Meursault - Charmes - P. C. | G129: 1990 | H129: 92 | I129: 95 | J129: 18.5 | K129: 1
B131: Domaine Des Comtes Lafon - Meursault - Charmes - P. C. | G131: 1992 | H131: 91 - 93 | J131: 17 | K131: 1
B133: Domaine Des Comtes Lafon - Meursault - Charmes - P. C. | G133: 1995 | H133: 93 | I133: 97 | J133: 17.5 | K133: 1
B135: Domaine Des Comtes Lafon - Meursault - Charmes - P. C. | G135: 1999 | H135: 90 - 92 | K135: 1
B137: Domaine Des Comtes Lafon - Meursault - Perrières - P. C. | G137: 1990 | H137: 92 | I137: 95 | J137: 19.5 | K137: 1
B139: Domaine Des Comtes Lafon - Meursault - Perrières - P. C. | G139: 1995 | H139: 93 | I139: 97 | J139: 19.5 | K139: 1
B141: Domaine Des Comtes Lafon - Meursault - Perrières - P. C. | G141: 1996 | H141: 94 - 96 | I141: 96 | J141: 16 | K141: 1
B143: Domaine Des Comtes Lafon - Meursault - Perrières - P. C. | G143: 1997 | H143: 93 - 95 | I143: 93 | J143: 17 | K143: 1
B145: Domaine Des Comtes Lafon - Meursault - Perrières - P. C. | G145: 2002 | H145: 94 - 95 | J145: 18.5 | K145: 1
B147: Domaine Des Comtes Lafon - Meursault - Genevrières - P. C. | G147: 2002 | H147: 95 | J147: 18.5 | K147: 1
B149: Leroy - Bourgogne | G149: 2018 | K149: 2
B151: Leroy - Montrachet - G. C. | G151: 1990 | K151: 1
B153: Leroy - Chassagne Montrachet - Les Chenevottes - P. C. | G153: 2014 | K153: 1
B155: Leroy - Corton Charlemagne - G. C. | G155: 1965 | K155: 1
B157: Leroy - Corton Charlemagne - G. C. | G157: 1998 | K157: 1
B159: Leroy - Corton Charlemagne - G. C. | G159: 2009 | H159: 94 | K159: 1
B161: Leroy - Meursault- P. C. - Les Charmes | G161: 1997 | K161: 1
B163: Leroy - Meursault- P. C. - Blagny | G163: 1999 | K163: 1
B165: Leroy - Meursault- P. C. - Blagny | G165: 2011 | K165: 1
B167: Leroy - Meursault- Les Poruzots P. C. | G167: 1999 | K167: 1
B169: Domaine Comte Georges de Vogué - Musigny Blanc | G169: 1992 | K169: 1
B171: Faiveley - Corton Charlemgne - G. C. | G171: 1995 | K171: 1
B173: Faiveley - Corton Charlemgne - G. C. | G173: 1996 | J173: 16 | K173: 1
B175: Michel Niellon - Chevalier -Montrachet G. C. | G175: 1995 | H175: 96 | I175: 95 | K175: 1
B177: Michel Niellon - Batard -Montrachet G. C. | G177: 1990 | H177: 91 | K177: 1
B179: BOURGOGNE (continuação)
B181: Michel Niellon - Batard -Montrachet G. C. | G181: 1995 | H181: 93 | K181: 2
B183: Michel Niellon - Batard -Montrachet G. C. | G183: 2000 | H183: 94 | K183: 1
B185: Michel Niellon - Chassagne -Montrachet G. C. | G185: 2019 | H185: 89 | K185: 2
B187: Etienne Sauzet - Montrachet - G C - Magnum | G187: 1994 | H187: 90 | K187: 1
B189: Etienne Sauzet - Montrachet - G C | G189: 1996 | H189: 96 | K189: 2
B191: Etienne Sauzet - Montrachet - G C | G191: 2000 | H191: 93 - 94 | K191: 1
B193: Etienne Sauzet - Montrachet - G C | G193: 2001 | H193: 94 | K193: 1
B195: Etienne Sauzet - Chevalier - Montrachet - G C | G195: 1995 | H195: 93 | K195: 1
B197: Etienne Sauzet - Chevalier - Montrachet - G C | G197: 1996 | H197: 92 | K197: 2
B199: Etienne Sauzet - Chevalier - Montrachet - G C | G199: 2000 | H199: 92 - 93 | J199: 18.5 | K199: 1
B201: Etienne Sauzet - Chevalier - Montrachet - G C | G201: 2002 | H201: 91 - 93 | K201: 1
...

Sheet B.Fr.R.
C3: ADEGA RICARDO SENA
D6: VINHOS DA FRANÇA
B7: BRANCO
B9: Vinho | G9: Safra | H9: R.P. | I9: W.S. | J9: Beber | K9: Estoque
J10: R.P.
B11: RHÔNE
B13: M. Chapoutier - De L`Orée | G13: 1994 | H13: 99 | J13: 95 - 45 | K13: 1
B15: M. Chapoutier - De L`Orée - Magnum | G15: 1996 | H15: 99 | I15: 94 | K15: 1
B17: M. Chapoutier - De L`Orée | G17: 1997 | H17: 98 - 100 | J17: 03 - 50 | K17: 2
B19: M. Chapoutier - De L`Orée - Magnum | G19: 1998 | H19: 99 | K19: 1
B21: M. Chapoutier - De L`Orée | G21: 2000 | H21: 100 | J21: 03 - 53 | K21: 2
B23: M. Chapoutier - De L`Orée | G23: 2004 | H23: 99 | I23: 96 | K23: 2
B25: M. Chapoutier - De L`Orée - Magnum | G25: 2004 | H25: 99 | I25: 96 | K25: 1
B27: M. Chapoutier - De L`Orée | G27: 2010 | H27: 100 | K27: 1
B29: M. Chapoutier - Le Méal | G29: 2005 | H29: 96 | I29: 97 | J29: 12 - 37 | K29: 1
B31: M. Chapoutier - Le Méal | G31: 2006 | H31: 99 | I31: 97 | J31: 09 - 39 | K31: 2
B33: M. Chapoutier - Le Méal | G33: 2009 | H33: 98 | I33: 98 | J33: 11 - 41 | K33: 1
B35: M. Chapoutier - L`Ermite | G35: 1999 | H35: 100 | I35: 92 | J35: 12 - 50 | K35: 1
B37: M. Chapoutier - L`Ermite | G37: 2001 | H37: 95 - 98 | I37: 95 | J37: 08 - 30 | K37: 1
B39: M. Chapoutier - L`Ermite | G39: 2011 | H39: 100 | K39: 2
B41: E. Guigal - Ex voto - Ermitage | G41: 2003 | H41: 96+ | I41: 96 | J41: 04 - 54 | K41: 1
B43: E. Guigal - Ex voto - Ermitage | G43: 2009 | H43: 94 - 97 | I43: 97 | J43: 11 - 61 | K43: 1
B45: Jean Louis Chave - Hermitage | G45: 2003 | H45: 99 | I45: 97 | K45: 1
B47: Jean Louis Chave - Hermitage | G47: 2004 | H47: 95 | K47: 1
B49: Jean Louis Chave - Hermitage | G49: 2005 | H49: 96 | I49: 98 | K49: 1
B51: Jean Louis Chave - Hermitage | G51: 2006 | H51: 97 | I51: 99 | J51: 09 - 39 | K51: 2
B53: Jean Louis Chave - Hermitage | G53: 2009 | H53: 99 | I53: 98 | J53: 11 - 61 | K53: 1
B55: Jean Louis Chave - Hermitage | G55: 2012 | H55: 96 | K55: 1
B57: André Perret Condrieu Chéry | G57: 2022 | H57: 96 | K57: 1
B59: RHÔNE ( total ) | K59: 29 | L59: =+K59 -> 29
B61: VAL DU LOIRE
B63: Vouvray - Le Haut Lieu | G63: 1989 | H63: 96 | J63: 15 - 45 | K63: 3
B65: Vouvray - Le Mont | G65: 1996 | K65: 2
B67: VAL DU LOIRE (continuação)
B69: Vouvray - Clos du Bourg | G69: 2009 | H69: 91 | K69: 2
B71: Nicolas Joly - Savennières - Coulée de Serrant | G71: 2005 | H71: 86 | I71: 92 | K71: 1
B73: Nicolas Joly - Savennières - Coulée de Serrant | G73: 2006 | H73: 86 | I73: 90 | K73: 4
B75: Didier Dagueneau - Blanc Fumé De Pouilly | G75: 2009 | H75: 91 - 92+ | J75: 13 - 18 | K75: 1
B77: Marc Brédif - Vouvray -Classic | G77: 2017 | K77: 1
B79: Saumur Champigny - Clos Rougeard - Brézé - Não tinha espaço na adega de branco | G79: 2018 | K79: 2
B81: VAL DU LOIRE ( total ) | K81: 16 | L81: =+K81 -> 16
B83: ALSACE
B85: Trimbach -Reserve Personnelle - Pinot Gris | G85: 2002 | H85: 90 | K85: 1
B87: Trimbach - Clos Ste Hune - Riesling | G87: 1996 | H87: 93 | K87: 1
B89: Trimbach - Clos Ste Hune - Riesling | G89: 2004 | H89: 95 | J89: 15 - 40 | K89: 1
B91: Trimbach - Riesling | G91: 2010 | H91: 90 | J91: 14 - 18 | K91: 1
B93: Zind-Humbrecht - Clos Saint Urbain - Rangen de Thann Turckheim - Riesling - G. C. 750ML | G93: 1993 | H93: 98 | K93: 1
B95: Zind-Humbrecht - Clos Saint Urbain - Rangen de Thann Turckheim - Riesling - G. C. 750ML | G95: 1994 | H95: 98 | K95: 1
B97: Zind-Humbrecht - Clos Saint Urbain - Rangen de Thann Turckheim - Pinot Gris - G. C. 750ML | G97: 1995 | H97: 93 | K97: 1
B99: Zind-Humbrecht - Herrenweg de Turckheim - Riesling - 750ML | G99: 1995 | K99: 1
B101: Zusslin - Valentín - Clos Liebenberg - Riesling - 750ML | G101: 2004 | K101: 1
B103: Zusslin - Valentín - Grand Cru Pfingstberg - Riesling | G103: 2011 | H103: ? | K103: 1
B105: Zusslin - Valentín - Grand Cru Pfingstberg - Riesling | G105: 2014 | H105: 95 | J105: 20 -28 | K105: 1
B107: Zusslin - Valentín - Grand Cru Pfingstberg - Riesling - Magnum | G107: 2017 | H107: 93 | J107: 27 - 45 | K107: 1
B109: Marcel Deiss - Altenberg de Begcheim - Grand Cru | G109: 2009 | H109: 92 | K109: 1
B111: Marcel Deiss - Schoenenbourg - Grand Cru | G111: 2009 | K111: 4
B113: Albert Mann - Schlosseberg - Grand Cru | G113: 2020 | K113: 2
B115: Albert Mann - Cuvée Albert - Riesling | G115: 2020 | K115: 2
B117: ALSACE ( total ) | K117: 21 | L117: =+K117 -> 21
B119: JURA
B121: Henri Maire 1632 - Vin Jaune D'Arbois | G121: 1978 | K121: 2
B123: JURA (continuação)
B125: Château-Chalon | G125: 2011 | K125: 1
B127: Jean Bourdy - Chateau - Chalon - 620ml | G127: 2002 | K127: 3
B129: JURA ( total ) | K129: 6 | L129: =+K129 -> 6
B131: RHÔNE + VAL DU LOIRE + ALSACE ( total ) | K131: 72 | L131: =SUM(L11:L130) -> 72
L135: =SUM(K11:K130)-L131 -> 72

Sheet T. It
C3: ADEGA RICARDO SENA
D6: VINHOS DA ITÁLIA
B7: TINTO
B9: Vinho | G9: Safra | H9: R.P. | I9: W.S. | J9: Beber | K9: Estoque
J10: R.P.
B11: PIEMONTE
B13: BAROLO
B15: Giacomo Conterno - Riserva Monfortino | G15: 1941 | K15: 1
B17: Giacomo Conterno - Riserva Monfortino | G17: 1945 | K17: 1
B19: Giacomo Conterno - Riserva Monfortino | G19: 1970 | H19: 90 | K19: 1
B21: Giacomo Conterno - Riserva Monfortino | G21: 1974 | H21: 95 | K21: 1
B23: Giacomo Conterno - Riserva Monfortino | G23: 1988 | H23: 94 | K23: 1
B25: Giacomo Conterno - Riserva Monfortino | G25: 1990 | H25: 98 | J25: 20 - 50 | K25: 3
B27: Giacomo Conterno - Riserva Monfortino | G27: 1996 | H27: 96 | I27: 97 | J27: 12 - 32 | K27: 3
B29: Giacomo Conterno - Riserva Monfortino | G29: 1997 | H29: 98 | I29: 96 | J29: 05 - 30 | K29: 2
B31: Giacomo Conterno - Riserva Monfortino | G31: 1998 | H31: 97 | I31: 94 | J31: 12 - 23 | K31: 1
B33: Giacomo Conterno - Riserva Monfortino | G33: 1999 | H33: 98 | J33: 14 - 39 | K33: 1
B35: Giacomo Conterno - Riserva Monfortino | G35: 2000 | H35: 97 | I35: 96 | J35: 20 - 40 | K35: 3
B37: Giacomo Conterno - Riserva Monfortino | G37: 2001 | H37: 98 | I37: 95 | J37: 21 - 41 | K37: 4
B39: Giacomo Conterno - Riserva Monfortino | G39: 2002 | H39: 98 | I39: 98 | J39: 27 - 52 | K39: 6
B41: Giacomo Conterno - Riserva Monfortino | G41: 2004 | H41: 100 | J41: 19 - 44 | K41: 3
B43: Giacomo Conterno - Cascina Francia | G43: 1990 | H43: 97 | J43: 10 - 30 | K43: 4
B45: Giacomo Conterno - Cascina Francia | G45: 1999 | H45: 94 | J45: 09 - 29 | K45: 2
B47: Giacomo Conterno - Cascina Francia | G47: 2001 | H47: 94+ | I47: 91 | J47: 15 - 31 | K47: 1
B49: Giacomo Conterno - Cascina Francia | G49: 2005 | H49: 95+ | I49: 91 | J49: 17 - 30 | K49: 2
B51: Giacomo Conterno - Cascina Francia | G51: 2007 | H51: 96+ | J51: 17 - 37 | K51: 2
B53: Giacomo Conterno - Vini Pregiati -Monforte D'Alba | G53: 1955 | K53: 1
B55: Giacomo Conterno - Vini Pregiati -Monforte D'Alba | G55: 1958 | K55: 1
B57: Giacomo Conterno | G57: 1964 | H57: 98 | K57: 1
B59: Bruno Giacosa - Collina Rionda di Serralunga D`Alba | G59: 1982 | H59: 98 | J59: 06 - 26 | K59: 1
B61: Bruno Giacosa - Collina Rionda di Serralunga D`Alba | G61: 1990 | H61: 92 | J61: 10 - 25 | K61: 2
B63: Bruno Giacosa - Falletto Di Serralunga D`Alba - Falletto | G63: 1985 | K63: 1
B65: Bruno Giacosa - Falletto Di Serralunga D`Alba - Falletto | G65: 1986 | H65: 97 | I65: 93 | J65: 05 - 25 | K65: 1
B67: BAROLO (continuação)
B69: Bruno Giacosa - Falletto Di Serralunga D`Alba - Falletto | G69: 1989 | H69: 97 | I69: 96 | J69: 10 - 30 | K69: 2
B71: Bruno Giacosa - Falletto Di Serralunga D`Alba - Falletto | G71: 1996 | H71: 98 | I71: 95 | J71: 11 - 31 | K71: 2
B73: Bruno Giacosa - Falletto Di Serralunga D'Alba - Falletto - Magnum | G73: 1996 | H73: 98 | I73: 95 | J73: 11 - 31 | K73: 1
B75: Bruno Giacosa - Falletto Di Serralunga D`Alba - Falletto | G75: 1999 | H75: 96 | J75: 06 - 35 | K75: 1
B77: Bruno Giacosa - Falletto Di Serralunga D`Alba - Falletto | G77: 2000 | H77: 96 | J77: 06 - 20 | K77: 2
B79: Bruno Giacosa - Falletto Di Serralunga D`Alba - Falletto | G79: 2001 | H79: 97 | I79: 97 | J79: 16 - 26 | K79: 2
B81: Bruno Giacosa - Falletto Di Serralunga D`Alba - Falletto | G81: 2004 | H81: 98 | I81: 96 | J81: 12 - 24 | K81: 1
B83: Bruno Giacosa - Falletto Di Serralunga D`Alba - Falletto | G83: 2005 | H83: 96+ | J83: 15 - 35 | K83: 2
B85: Guiseppe Rinaldi - Brunate Le Coste | G85: 2000 | H85: 96 | J85: 15 - 30 | K85: 2
B87: Giuseppe Mascarello - Monprivato | G87: 1982 | H87: 94 | J87: 09 - 19 | K87: 1
B89: Giuseppe Mascarello - Monprivato | G89: 1985 | H89: 95 | J89: 09 - 19 | K89: 1
B91: Giuseppe Mascarello - Monprivato | G91: 1990 | H91: 98 | J91: 10 - 25 | K91: 2
B93: Giuseppe Mascarello - Monprivato | G93: 1999 | H93: 95 | J93: 09 - 24 | K93: 1
B95: Giuseppe Mascarello - Monprivato | G95: 2001 | H95: 95 | J95: 12 - 31 | K95: 1
B97: Giuseppe Mascarello - Monprivato | G97: 2003 | H97: 93 | K97: 3
B99: Giuseppe Mascarello - Monprivato | G99: 2005 | H99: 95 | I99: 92 | J99: 12 - 25 | K99: 3
B101: Giuseppe Mascarello - Monprivato | G101: 2007 | H101: 97 | K101: 1
B103: Giuseppe Mascarello - Monprivato Cà d`Morissio | G103: 1993 | H103: 92 | I103: 88 | J103: 09 - 23 | K103: 2
B105: Giuseppe Mascarello - Monprivato Cà d`Morissio | G105: 1997 | H105: 97 | I105: 92 | J105: 09 - 37 | K105: 3
B107: Giuseppe Mascarello - Monprivato Cà d`Morissio | G107: 2001 | H107: 97 | J107: 15 - 31 | K107: 4
B109: Giuseppe Mascarello - Santo Stefano Di Perno - Dolcetto D'Alba | G109: 2003 | H109: 90 | K109: 3
B111: Bartolo Mascarello | G111: 1968 | K111: 1
B113: Bartolo Mascarello | G113: 1982 | K113: 1
B115: Bartolo Mascarello | G115: 1985 | H115: 95 | J115: - 15 | K115: 2
B117: Bartolo Mascarello | G117: 1990 | H117: 94 | J117: 10 - 25 | K117: 2
B119: Bartolo Mascarello | G119: 1997 | H119: 94 | J119: 05 - 30 | K119: 1
B121: Bartolo Mascarello | G121: 1998 | H121: 90 - 93 | J121: 05 - 21 | K121: 1
B123: BAROLO (continuação)
B125: Bartolo Mascarello | G125: 1999 | H125: 93 | I125: 93 | J125: 09 - 29 | K125: 1
B127: Bartolo Mascarello | G127: 2001 | H127: 92 | K127: 2
B129: Bartolo Mascarello | G129: 2004 | H129: 95 | J129: 04 - 29 | K129: 2
B131: Bartolo Mascarello | G131: 2005 | H131: 95 | K131: 2
B133: Bartolo Mascarello | G133: 2007 | H133: 96 | J133: 17 - 37 | K133: 4
B135: Roberto Voerzio - La Serra | G135: 1999 | H135: 93 | I135: 95 | J135: 12 - 20 | K135: 2
B137: Roberto Voerzio - La Serra | G137: 2000 | H137: 94 | I137: 98 | J137: 14 - 25 | K137: 2
B139: Roberto Voerzio - La Serra | G139: 2004 | H139: 94 | I139: 97 | J139: 09 - 22 | K139: 2
B141: Roberto Voerzio - Cerequio | G141: 2000 | H141: 97 | I141: 95 | J141: 12 - 30 | K141: 1
B143: Roberto Voerzio - Cerequio | G143: 2001 | H143: 95 | J143: 12 - 21 | K143: 1
B145: Roberto Voerzio - Cerequio | G145: 2004 | H145: 97 | I145: 93 | J145: 14 - 24 | K145: 2
B147: Roberto Voerzio - Rocche dell' Annunziata Torriglione | G147: 2001 | H147: 94 | I147: 95 | J147: - 19 | K147: 1
B149: Roberto Voerzio - Rocche dell' Annunziata Torriglione | G149: 2004 | H149: 96 | I149: 97 | J149: 14 - 24 | K149: 1
B151: Roberto Voerzio - Vecchie viti dei Capalot e delle Brunate - Magnum | G151: 2001 | H151: 96 | J151: 13 - 26 | K151: 1
B153: Roberto Voerzio - Vecchie viti dei Capalot e delle Brunate - Magnum | G153: 2003 | H153: 93 | J153: 13 - 23 | K153: 1
B155: Roberto Voerzio - Sarmassa di Barolo - Magnum | G155: 2000 | H155: 97 | I155: 100 | J155: 15 - 30 | K155: 2
B157: Roberto Voerzio - Sarmassa di Barolo - Magnum | G157: 2003 | H157: 94 | J157: 10 - 18 | K157: 1
B159: Roberto Voerzio - Brunate - La Morra | G159: 1990 | H159: 95 | J159: 10 - 20 | K159: 1
B161: Roberto Voerzio - Brunate - La Morra | G161: 2000 | H161: 96 | I161: 97 | J161: 15 - 30 | K161: 3
B163: Vietti - Villero Riserva | G163: 1997 | H163: 95 | J163: 11 - 21 | K163: 2
B165: Vietti - Villero Riserva | G165: 2004 | H165: 96 | I165: 96 | J165: 19 - 34 | K165: 2
B167: Vietti - Vietti | G167: 2004 | H167: 93 | K167: 2
B169: Pio Cesare - Ornato | G169: 1999 | H169: 92 | K169: 2
B171: Pio Cesare - Ornato | G171: 2000 | H171: 93 | K171: 3
B173: Gaja | G173: 1961 | K173: 1
B175: Gaja - Sperss | G175: 1989 | H175: 97 | J175: 10 - 25 | K175: 1
B177: Gaja - Sperss | G177: 1990 | H177: 95 | J177: 10 - 30 | K177: 3
B179: BAROLO (continuação)
B181: Gaja - Sperss | G181: 1995 | K181: 1
B183: Gaja - Sperss | G183: 1997 | H183: 99 | I183: 94 | J183: 04 - 36 | K183: 2
B185: Gaja - Sperss | G185: 1998 | H185: 94 | J185: 01 - 26 | K185: 1
B187: Gaja - Sperss | G187: 2004 | H187: 96 | I187: 99 | J187: 14 - 29 | K187: 3
B189: Gaja - Sperss - Magnum | G189: 2004 | H189: 96 | I189: 99 | J189: 14 - 29 | K189: 2
B191: Gaja - Sperss | G191: 2007 | H191: 97 | J191: 22 - 47 | K191: 3
B193: Aldo Conterno - Colonnello - Bricco Bussia | G193: 1990 | H193: 94 - 97 | I193: 92 | K193: 1
B195: Aldo Conterno - Colonnello - Bricco Bussia | G195: 1999 | H195: 92 | J195: 06 - 26 | K195: 1
B197: Aldo Conterno - Riserva - Granbussia | G197: 1982 | H197: 97 | I197: 93 | J197: 06 - 21 | K197: 1
B199: Aldo Conterno - Riserva - Granbussia | G199: 1988 | H199: 95 | I199: 93 | J199: 98 - 20 | K199: 2
...

Sheet B. It
C3: ADEGA RICARDO SENA
D6: VINHOS DA ITÁLIA
B7: BRANCO
B9: Vinho | G9: Safra | H9: R.P. | I9: W.S. | J9: Beber | K9: Estoque
J10: R.P.
B11: Francesco Gravner - Bianco Breg | G11: 2000 | I11: 92 | K11: 1
B13: Francesco Gravner - Bianco Breg | G13: 2004 | K13: 3
B15: Francesco Gravner - Bianco Breg | G15: 2005 | K15: 2
B17: Francesco Gravner - Ribolla | G17: 2000 | I17: 92 | K17: 3
B19: Francesco Gravner - Ribolla | G19: 2004 | K19: 1
B21: Francesco Gravner - Ribolla | G21: 2005 | K21: 1
B23: Francesco Gravner - Ribolla | G23: 2006 | K23: 2
B25: Trebbiano d'Abruzzo | G25: 2007 | K25: 1
B27: Trebbiano d'Abruzzo | G27: 2008 | K27: 2
B29: Trebbiano d'Abruzzo | G29: 2010 | K29: 1
B31: Langhe - Gaia & Rey - Gaja | G31: 2011 | K31: 1
B33: Langhe - Gaia & Rey - Gaja | G33: 2013 | H33: 93 | J33: 15 - 25 | K33: 1
B35: Langhe - Gaia & Rey - Gaja | G35: 2017 | H35: 93+ | J35: 19 - 30 | K35: 3
B37: Podversic Damijan - Ribolla Gialla | G37: 2010 | K37: 1
B39: Castello di Ama - Al Poggio | G39: 2016 | K39: 1
B41: Umbria - Marchesi Antinori - Bramito Della Sala - Chardonnay | G41: 2019 | H41: 96 | J41: 24 - 35 | K41: 2
B43: ITÁLIA ( total ) | K43: 26
L45: =SUM(K11:K42) -> 26

Sheet T. Es
C3: ADEGA RICARDO SENA
D6: VINHOS DA ESPANHA
B7: TINTO
B9: Vinho | G9: Safra | H9: R.P. | I9: W.S. | J9: Beber | K9: Estoque
J10: R.P.
B11: RIBERA DEL DUERO
B13: Vega - Sicilia "Único" Gran Reserva | G13: 1936 | K13: 1
B15: Vega - Sicilia "Único" Gran Reserva | G15: 1941 | K15: 1
B17: Vega - Sicilia "Único" Gran Reserva | G17: 1948 | H17: 86 | K17: 1
B19: Vega - Sicilia "Único" Gran Reserva | G19: 1953 | K19: 1
B21: Vega - Sicilia "Único" Gran Reserva | G21: 1957 | H21: 90 | J21: 13 - 17 | K21: 1
B23: Vega - Sicilia "Único" Gran Reserva | G23: 1958 | K23: 1
B25: Vega - Sicilia "Único" Gran Reserva | G25: 1960 | H25: 97 | J25: 70 - 30 | K25: 2
B27: Vega - Sicilia "Único" Gran Reserva | G27: 1962 | H27: 100 | J27: 12 - 20 | K27: 1
B29: Vega - Sicilia "Único" Gran Reserva | G29: 1964 | H29: 96 | J29: 12 - 25 | K29: 2
B31: Vega - Sicilia "Único" Gran Reserva | G31: 1965 | H31: 94 | J31: 12 - 20 | K31: 3
B33: Vega - Sicilia "Único" Gran Reserva - Magnum | G33: 1965 | H33: 94 | J33: 12 - 20 | K33: 1
B35: Vega - Sicilia "Único" Gran Reserva | G35: 1966 | H35: 95 | J35: 95 - 15 | K35: 1
B37: Vega - Sicilia "Único" Gran Reserva | G37: 1967 | H37: 96 | J37: 12 - 20 | K37: 5
B39: Vega - Sicilia "Único" Gran Reserva | G39: 1968 | H39: 98 | J39: 95 - 25 | K39: 2
B41: Vega - Sicilia "Único" Gran Reserva | G41: 1970 | H41: 100 | I41: 92 | J41: 90 - 50 | K41: 4
B43: Vega - Sicilia "Único" Gran Reserva - Magnum | G43: 1972 | H43: 89 | J43: 90 - 25 | K43: 1
B45: Vega - Sicilia "Único" Gran Reserva | G45: 1975 | H45: 95 | J45: 12 - 25 | K45: 2
B47: Vega - Sicilia "Único" Gran Reserva | G47: 1981 | H47: 96 | I47: 93 | J47: 12 - 30 | K47: 2
B49: Vega - Sicilia "Único" Gran Reserva | G49: 1982 | H49: 96 | I49: 91 | J49: 12 - 30 | K49: 1
B51: Vega - Sicilia "Único" Gran Reserva | G51: 1985 | H51: 93 | J51: 98 - 13 | K51: 1
B53: Vega - Sicilia "Único" Gran Reserva - Magnum | G53: 1987 | H53: 95 | J53: 14 - 30 | K53: 2
B55: Vega - Sicilia "Único" Gran Reserva | G55: 1987 | H55: 95 | J55: 14 - 30 | K55: 3
B57: Vega - Sicilia "Único" Gran Reserva | G57: 1989 | H57: 98 | I57: 90 | J57: 12 - 35 | K57: 3
B59: Vega - Sicilia "Único" Gran Reserva | G59: 1990 | H59: 93 | J59: 00 - 30 | K59: 3
B61: Vega - Sicilia "Único" Gran Reserva - Magnum | G61: 1991 | H61: 96 | I61: 91 | J61: 07 - 29 | K61: 1
B63: Vega - Sicilia "Único" Gran Reserva | G63: 1991 | H63: 96 | I63: 91 | J63: 07 - 29 | K63: 2
B65: Vega - Sicilia "Único" Gran Reserva | G65: 1994 | H65: 96 | I65: 96 | J65: 19 - 40 | K65: 6
B67: RIBERA DEL DUERO (continuação)
B69: Vega - Sicilia "Único" Gran Reserva | G69: 1995 | H69: 97 | I69: 94 | J69: 07 - 47 | K69: 4
B71: Vega - Sicilia "Único" Gran Reserva | G71: 1996 | H71: 97 | I71: 93 | J71: 18 - 50 | K71: 4
B73: Vega - Sicilia "Único" Gran Reserva | G73: 1998 | H73: 98 | I73: 91 | J73: 15 - 40 | K73: 5
B75: Vega - Sicilia "Único" Gran Reserva | G75: 1999 | H75: 92 | I75: 94 | J75: 16 - 30 | K75: 5
B77: Vega - Sicilia "Único" Gran Reserva | G77: 2000 | H77: 93 | I77: 92 | J77: 18 - 30 | K77: 3
B79: Vega - Sicilia "Único" Reserva Especial ( -- / -- / -- ) | K79: 1
B81: Vega - Sicilia "Único" Reserva Especial 1988 ( 60 / 65 / 72 ) | K81: 2
B83: Vega - Sicilia "Único" Reserva Especial ( 85 / 90 / 91 ) | H83: 99 | J83: 07 - 47 | K83: 3
B85: Vega - Sicilia "Único" Reserva Especial ( 85 / 91 / 96 ) | H85: 98 | J85: 09 - 40 | K85: 3
B87: Vega - Sicilia "Único" Reserva Especial ( 89 / 90 / 94 ) | H87: 97 | J87: 10 - 35 | K87: 1
B89: Vega - Sicilia "Único" Reserva Especial ( 90 / 91 / 94 ) | H89: 100 | J89: 15 - 50 | K89: 3
B91: Vega - Sicilia "Único" Reserva Especial ( 90 / 91 / 96 ) | H91: 99 | J91: 18 - 45 | K91: 1
B93: Vega - Sicilia "Único" Reserva Especial ( 90 / 94 / 96 ) | K93: 2
B95: Vega - Sicilia "Único" Reserva Especial ( 91 / 94 / 95 ) | H95: 99 | J95: 13 - 35 | K95: 1
B97: Vega - Sicilia "Único" Reserva Especial ( 91 / 94 / 98 ) | H97: 99 | K97: 3
B99: Vega - Sicilia "Único" Reserva Especial ( 91 / 94 / 99 ) | H99: 93 | J99: 13 - 25 | K99: 6
B101: Vega - Sicilia - Valbuena 5º Año Reserva | G101: 2003 | H101: 94 | I101: 87 | J101: 12 - 25 | K101: 1
B103: Vega - Sicilia "Único" Gran Reserva - Magnum | G103: 2013 | H103: 97 | J103: 23 - 35 | K103: 1
B105: Pesquera - Janus Gran Reserva | G105: 1990 | H105: 98 | K105: 2
B107: Pesquera - Janus Gran Reserva | G107: 1991 | K107: 2
B109: Pesquera - Janus Gran Reserva | G109: 1994 | H109: 92 | J109: 00 - 16 | K109: 2
B111: Pesquera - Janus Gran Reserva | G111: 1995 | H111: 91 | J111: 00 - 16 | K111: 1
B113: Pingus | G113: 1996 | H113: 96 | I113: 95 | J113: 99 - 18 | K113: 2
B115: Pingus | G115: 1999 | H115: 98 | J115: 02 - 25 | K115: 2
B117: Pingus | G117: 2001 | H117: 95 | I117: 93 | J117: 10 - 28 | K117: 1
B119: Pingus | G119: 2003 | H119: 94 | K119: 1
B121: Pingus | G121: 2004 | H121: 100 | J121: 14 - 44 | K121: 3
B123: RIBERA DEL DUERO (continuação)
B125: Pingus | G125: 2005 | H125: 99 | J125: 10 - 50 | K125: 3
B127: Pingus | G127: 2006 | H127: 98 | I127: 96 | J127: 16 - 36 | K127: 3
B129: Pingus | G129: 2007 | H129: 98 | J129: 20 - 37 | K129: 4
B131: Pingus | G131: 2008 | H131: 99 | J131: 16 - 33 | K131: 4
B133: Flor de Pingus | G133: 2012 | H133: 93 | J133: 14 - 17 | K133: 1
B135: Abadia Retuerta - Pago Negralada | G135: 2002 | H135: 93 | I135: 89 | J135: 14 - 30 | K135: 2
B137: Alion | G137: 2003 | H137: 96+ | I137: 87 | J137: 14 - 30 | K137: 2
B139: Alion | G139: 2004 | H139: 96 | I139: 89 | J139: 11 - 25 | K139: 1
B141: Alion | G141: 2005 | H141: 94+ | I141: 89 | J141: 13 - 25 | K141: 1
B143: Viña Sastre - Regina Vides | G143: 2003 | H143: 94 | J143: 14 - 30 | K143: 1
B145: Aalto PS | G145: 2003 | H145: 93 | I145: 94 | J145: 15 - 30 | K145: 1
B147: Aalto PS | G147: 2005 | H147: 98 | J147: 18 - 40 | K147: 2
B149: Aalto PS | G149: 2006 | H149: 96 | I149: 92 | J149: 16 - 36 | K149: 3
B151: Aalto | G151: 2005 | H151: 95 | J151: 15 - 30 | K151: 1
B153: Alonso Del Yerro - Maria | G153: 2004 | H153: 96 | I153: 90 | J153: 15 - 30 | K153: 1
B155: Alonso Del Yerro - Maria | G155: 2005 | H155: 95 | I155: 78 | J155: 12 - 25 | K155: 1
B157: Alonso Del Yerro - Maria | G157: 2006 | H157: 93 | I157: 88 | J157: 12 - 30 | K157: 2
B159: Alonso Del Yerro | G159: 2005 | H159: 94 | I159: 87 | J159: 12 - 25 | K159: 1
B161: Hermanos Péres Pascuas. S.L. - Pérez Pascuas | G161: 1999 | H161: 92 | K161: 2
B163: Hermanos Péres Pascuas. S.L. - Pérez Pascuas | G163: 2001 | H163: 94 | K163: 1
B165: Finca Villa Creces - Nebro | G165: 2006 | H165: 98 | J165: 18 - 45 | K165: 2
B167: Yllera - Gran Selección | G167: 1999 | K167: 1
B169: Protos - Reserva | G169: 2006 | H169: 87 | J169: 13 - 16 | K169: 1
B171: Antonino Izquierdo | G171: 2006 | H171: 95 | J171: 18 - 40 | K171: 2
B173: RIBERA DEL DUERO ( total ) | K173: 162 | L173: =SUM(K13:K172) -> 162
B175: TORO
B177: Pintia | G177: 2004 | H177: 95+ | I177: 87 | J177: 12 - 25 | K177: 1
B179: TORO (continuação)
B181: Pintia | G181: 2005 | H181: 95 | I181: 89 | J181: 12 - 25 | K181: 1
B183: Numanthia Termes - Termanthia | G183: 2000 | H183: 98 | I183: 94 | J183: 07 - 22 | K183: 3
B185: Numanthia Termes - Termanthia | G185: 2004 | H185: 100 | I185: 96 | J185: 10 - 60 | K185: 2
B187: Numanthia Termes - Termanthia | G187: 2005 | H187: 95 | I187: 95 | J187: 13 - 25 | K187: 1
B189: Numanthia Termes - Termanthia | G189: 2006 | H189: 96+ | I189: 95 | J189: 20 - 46 | K189: 3
B191: Numanthia Termes - Termanthia | G191: 2009 | H191: 95 | J191: 17 - 30 | K191: 3
B193: Numanthia Termes - Numanthia | G193: 2005 | H193: 92 | I193: 94 | J193: 12 - 25 | K193: 2
B195: Numanthia Termes - Numanthia | G195: 2007 | H195: 92 | I195: 92 | J195: 12 - 20 | K195: 1
B197: TORO ( total ) | K197: 17 | L197: =SUM(K177:K196) -> 17
B199: RIOJA
...

Sheet B. Es
C3: ADEGA RICARDO SENA
D6: VINHOS DA ESPANHA
B7: BRANCO
B9: Vinho | G9: Safra | H9: R.P. | I9: W.S. | J9: Beber | K9: Estoque
J10: R.P.
B11: R. Lopes De Heredia - Vina Tondonia - Gran Reserva | G11: 1970 | H11: 93 | K11: 2
B13: R. Lopes De Heredia - Vina Tondonia - Gran Reserva | G13: 1976 | I13: 91 | K13: 1
B15: R. Lopes De Heredia - Vina Tondonia - Gran Reserva | G15: 1991 | H15: 93 | I15: 93 | K15: 1
B17: R. Lopes De Heredia - Vina Tondonia - Reserva | G17: 2003 | K17: 1
B19: R. Lopes De Heredia - Vina Tondonia - Reserva | G19: 2005 | H19: 95 | K19: 1
B21: R. Lopes De Heredia - Vina Tondonia - Reserva | G21: 2006 | H21: 95 | J21: 19 - 27 | K21: 2
B23: Marqués de Murrieta - Castillo Ygay - Gran Reserva | G23: 1986 | H23: 100 | K23: 1
B25: Bodegas Forjas Del Salnés - Rias Baixas - Leirana - Albariño | G25: 2009 | H25: 93 | K25: 4
B27: Priorat - Pedra de Guix - Terroir Al Límit Soc. Lda | G27: 2012 | H27: 94 | J27: 15 - 22 | K27: 1
B29: Priorat - Pedra de Guix - Terroir Al Límit Soc. Lda | G29: 2014 | H29: 94+ | J29: 16 - 22 | K29: 2
B31: Castilla y León - Raul Perez - El Castro de Valtuille - Godello | G31: 2018 | K31: 2
B35: ESPANHA ( total ) | K35: 18

Sheet T. Pt
C3: ADEGA RICARDO SENA
D6: VINHOS DE PORTUGAL
B7: TINTO
B9: Vinho | G9: Safra | H9: R.P. | I9: W.S. | J9: Beber | K9: Estoque
J10: R.P.
B11: DOURO
B13: Barca Velha - Casa Ferreirinha | G13: 1965 | K13: 1
B15: Barca Velha - Casa Ferreirinha | G15: 1981 | H15: 90 | K15: 1
B17: Barca Velha - Casa Ferreirinha | G17: 1982 | H17: 92 | K17: 1
B19: Barca Velha - Casa Ferreirinha | G19: 1983 | K19: 1
B21: Barca Velha - Casa Ferreirinha | G21: 1995 | I21: 89 | K21: 2
B23: Barca Velha - Casa Ferreirinha | G23: 1999 | H23: 94 | I23: 93 | J23: - 22 | K23: 1
B25: Barca Velha - Casa Ferreirinha | G25: 2000 | K25: 3
B27: Barca Velha - Casa Ferreirinha | G27: 2004 | K27: 2
B29: Barca Velha - Casa Ferreirinha | G29: 2011 | H29: 97 | J29: 22 - 40 | K29: 2
B31: Casa Ferreirinha - Reserva | G31: 1989 | H31: 92 | I31: 87 | J31: - 11 | K31: 1
B33: Casa Ferreirinha - Reserva | G33: 1994 | H33: 93 | I33: 91 | J33: - 15 | K33: 1
B35: Casa Ferreirinha - Reserva | G35: 1996 | H35: 89 | I35: 91 | J35: - 21 | K35: 1
B37: Casa Ferreirinha - Reserva Especial | G37: 1962 | K37: 1
B39: Casa Ferreirinha - Reserva Especial | G39: 1997 | H39: 95 | K39: 1
B41: Quinta da Leda - Casa Ferreirinha | G41: 2004 | H41: 90 | I41: 90 | J41: - 17 | K41: 1
B43: Quinta da Leda - Casa Ferreirinha | G43: 2007 | H43: 92 | I43: 92 | K43: 1
B45: Quinta da Leda - Casa Ferreirinha | G45: 2008 | I45: 91 | K45: 2
B47: Quinta do Crasto - Vinha Maria Teresa | G47: 2003 | H47: 94 | J47: 15 - 25 | K47: 3
B49: Quinta do Crasto - Vinha Maria Teresa | G49: 2005 | H49: 94 | J49: 15 - 30 | K49: 3
B51: Quinta do Crasto - Touriga Nacional | G51: 2005 | H51: 91 | I51: 94 | J51: 09 - 20 | K51: 1
B53: Quinta do Crasto - Vinhas Velhas | G53: 2005 | H53: 91 | I53: 95 | J53: - 19 | K53: 1
B55: Quinta do Crasto - Vinhas Velhas | G55: 2022 | K55: 4
B57: Fojo | G57: 2000 | H57: 95 | I57: 94 | J57: - 20 | K57: 1
B59: Chryseia | G59: 2001 | H59: 90 | K59: 1
B61: Chryseia | G61: 2005 | H61: 92 | I61: 88 | J61: - 20 | K61: 1
B63: Chryseia | G63: 2006 | H63: 89 | K63: 1
B65: Quinta do Vale Meão | G65: 1999 | K65: 2
B67: DOURO (continuação)
B69: Quinta do Vale Meão | G69: 2000 | H69: 91 | K69: 2
B71: Quinta do Vale Meão | G71: 2001 | H71: 91 | I71: 93 | J71: now -17 | K71: 1
B73: Quinta do Vale Meão | G73: 2011 | H73: 96 | K73: 3
B75: Quinta do Vale Meão | G75: 2015 | H75: 91+ | K75: 3
B77: Quinta do Noval - Vinhas da Marka | G77: 2019 | K77: 1
B79: Quinta do Noval - Vinhas do Passadouro | G79: 2020 | H79: 93 | J79: 24 - 32 | K79: 1
B81: Batuta | G81: 1999 | K81: 1
B83: Batuta | G83: 2004 | H83: 95 | I83: 91 | J83: 09 - 21 | K83: 1
B85: Batuta | G85: 2005 | H85: 92 | I85: 92 | J85: 09 - 20 | K85: 1
B87: Robustus - Niepoort | G87: 2004 | H87: 93 - 95 | J87: 13 - 23 | K87: 1
B89: Pintas | G89: 2002 | K89: 2
B91: Pintas | G91: 2004 | H91: 94 | I91: 89 | J91: - 19 | K91: 1
B93: Charme | G93: 2004 | H93: 93 | I93: 94 | J93: - 16 | K93: 1
B95: Charme | G95: 2006 | H95: 87 | I95: 92 | K95: 2
B97: Quinta de La Rosa - Reserva | G97: 2018 | K97: 2
B99: Oboé - Grande Escolha | G99: 2005 | H99: 86 | K99: 1
B101: Domingos Alves de Sousa - Reserva Pessoal | G101: 2000 | K101: 1
B103: Abandonado - Alves de Sousa | G103: 2005 | H103: 94 | J103: 00 - 18 | K103: 1
B105: Abandonado - Alves de Sousa | G105: 2007 | H105: ? | J105: 15 - 26 | K105: 1
B107: Abandonado - Alves de Sousa | G107: 2009 | H107: 93 | J107: 13 - 24 | K107: 1
B109: Legado - Sogrape | G109: 2009 | K109: 2
B111: Quinta do Fojo - Vinha do Fojo | G111: 1999 | H111: 92 | K111: 2
B113: Quinta do Fojo - Vinha do Fojo | G113: 2001 | H113: 95 | K113: 2
B115: Sandra Tavares e Susana Esteban - Crochet | G115: 2019 | H115: 94 | K115: 2
B117: Monte Cascas - Colares | G117: 2010 | H117: 88 | K117: 2
B119: Roquette & Cazes Touriga Nacional. Tinta Roriz e Touriga Franca | G119: 2015 | H119: 94 | J119: 20 - 35 | K119: 2
B121: Cortes do Tua - Soulmate - Touriga Franca - Magnum | G121: 2017 | H121: 89 | J121: 18 - 27 | K121: 3
B123: DOURO (continuação)
B125: H.O. - Achado | G125: 2018 | H125: 89 | J125: 22 - 30 | K125: 2
B127: H.O. - Reserva | G127: 2018 | H127: 88 | J127: 22 - 29 | K127: 2
B129: Menin - Douro`s New Legacy | G129: 2018 | K129: 4
B131: Menin - D. Beatriz - Vinhas Velhas | G131: 2019 | H131: ? | J131: 25 - 30 | K131: 1
B133: Menin - D. Beatriz - Vinhas Velhas - Magnum | G133: 2019 | H133: ? | J133: 25 - 30 | K133: 1
B135: Menin - Reserva | G135: 2019 | H135: 87 | J135: 22 - 27 | K135: 2
B137: Menin - Touriga Franca | G137: 2020 | K137: 3
B139: Menin - Maria Fernanda - Vinhas Velhas | G139: 2021 | H139: 93 | J139: 26 - 32 | K139: 4
B141: Quinta do Zimbro - Grau Braumé | G141: 2016 | K141: 3
B143: Luís Seabra - Xisto Ilimitado | G143: 2021 | H143: 91 | J143: 24 - 28 | K143: 14
B145: Susana Esteban - Crochet- Tourga Franca - Tourga Nacional | G145: 2022 | K145: 3
B147: DOURO ( total ) | K147: 123 | L147: =+K147 -> 123
B149: ALENTEJO
B151: Pêra Manca | G151: 1994 | K151: 1
B153: Pêra Manca | G153: 1995 | K153: 1
B155: Pêra Manca | G155: 1997 | K155: 1
B157: Pêra Manca | G157: 1998 | H157: 86 | J157: 07 - 18 | K157: 2
B159: Pêra Manca | G159: 2001 | K159: 1
B161: Pêra Manca | G161: 2003 | H161: 92 | J161: 09 - 20 | K161: 1
B163: Pêra Manca | G163: 2005 | H163: 92 - 95 | J163: 10 - 23 | K163: 1
B165: Pêra Manca | G165: 2007 | H165: 93 | K165: 2
B167: Pêra Manca | G167: 2016 | H167: 92 | J167: 19 - 30 | K167: 1
B169: Cartuxa Reserva | G169: 1996 | K169: 1
B171: Cartuxa Reserva | G171: 2002 | K171: 1
B173: Cartuxa Reserva | G173: 2011 | K173: 1
B175: Cartuxa Reserva | G175: 2016 | H175: 90 | J175: 22 - 33 | K175: 1
B177: Cortes de Cima - Incógnito | G177: 2002 | H177: 88 | J177: 17 - 19 | K177: 1
B179: ALENTEJO (continuação)
B181: Cortes de Cima - Reserva | G181: 2014 | H181: 92 | J181: 19 - 36 | K181: 3
B183: Tapada do Chaves - Reserva | G183: 1997 | K183: 1
B185: Tapada do Chaves - Reserva | G185: 2016 | K185: 3
B187: Mouchão | G187: 1992 | K187: 1
B189: Mouchão | G189: 1993 | K189: 2
B191: Mouchão | G191: 2015 | H191: 95 | K191: 3
B193: Mouchão - Tonel 3, 4 | G193: 2005 | K193: 1
B195: Mouchão - Tonel 3, 4 | G195: 2011 | H195: 97 | J195: 19 - 51 | K195: 1
B197: Essência do Peso - Herdade do Peso | G197: 2014 | H197: 92 | J197: 19 - 30 | K197: 2
B199: Herdade do Peso - Reserva | G199: 2014 | K199: 3
...

Sheet B. Pt
C3: ADEGA RICARDO SENA
D6: VINHOS DE PORTUGAL
B7: BRANCO
B9: Vinho | G9: Safra | H9: R.P. | I9: W.S. | J9: Beber | K9: Estoque
J10: R.P.
B11: PORTUGAL
B13: Lisboa - Colares Manoel José Colares | G13: 1947 | K13: 1
B15: Lisboa - Colares Manoel José Colares | G15: 1957 | K15: 1
B17: Lisboa - Colares Manoel José Colares | G17: 1962 | K17: 1
B19: Lisboa - Colares Chitas - Reserva Branco | G19: 1979 | K19: 1
B21: Lisboa - Colares - Monte Cascas - Malvasia | G21: 2013 | K21: 1
B23: Lisboa - Colares - Ramilo - Malvasia | G23: 2020 | K23: 3
B25: Lisboa - Quinta do Monte d`Oiro - Magnum | G25: 2012 | K25: 2
B27: Alvarinho -Quinta de Soalheiro - Soalheiro | G27: 2015 | H27: 94 | J27: 16 - 30 | K27: 1
B29: Dão - Casa da Passarella - Villa Oliveira - Encruzado | G29: 2011 | H29: 91 | J29: 14 - 18 | K29: 1
B31: Dão - Casa da Passarella - Villa Oliveira - Encruzado | G31: 2014 | H31: 91 | J31: 18 - 24 | K31: 2
B33: Dão - Quinta da Pellada - Primus | G33: 2017 | K33: 3
B35: Dão - Quinta da Pellada - Primus | G35: 2022 | H35: 95 | J35: 24 - 32 | K35: 1
B37: Dão - Quinta da Pellada - Quinta de Saes - Reserva Encruzado | G37: 2018 | H37: 90 | J37: 18 - 32 | K37: 4
B39: Dão - Domínio do Açor - Branco | G39: 2021 | H39: 91 | J39: 23 - 27 | K39: 3
B41: Dão - Domínio do Açor - Bical - Vinha Celta | G41: 2021 | H41: 92 | J41: 23 - 30 | K41: 1
B43: Dão - Domínio do Açor - Bical - Vinha Celta | G43: 2022 | H43: 95 | J43: 24 - 30 | K43: 3
B45: Dão - Domínio do Açor - Bical - Vinha Celta - Magnum | G45: 2022 | H45: 95 | J45: 24 - 30 | K45: 1
B47: Dão - Domínio do Açor - Bical - Vinha Celta | G47: 2023 | K47: 5
B49: Dão - Domínio do Açor - Vinha Ruina - Cerceal Branco - Magnum | G49: 2022 | H49: 94 | J49: 24 - 30 | K49: 1
B51: Dão - Domínio do Açor - Vinha Ruina - Cerceal Branco | G51: 2023 | K51: 5
B53: Dão - Domínio do Açor - Encruzado | G53: 2021 | H53: 92 | J53: 23 - 28 | K53: 1
B55: Dão - Domínio do Açor - Encruzado | G55: 2022 | H55: 94 | J55: 24 - 29 | K55: 1
B57: Dão - Domínio do Açor - Encruzado - Magnum | G57: 2022 | H57: 94 | J57: 24 - 29 | K57: 1
B59: Dão - Domínio do Açor - Encruzado | G59: 2023 | K59: 5
B61: Dão - Domínio do Açor - Vila Romana | G61: 2022 | K61: 3
B63: Dão - Domínio do Açor - Vila Romana - Não tinha espaço na adega de branco | G63: 2023 | K63: 15
B65: Dão - Domínio do Açor - Vila Romana - Magnum | G65: 2023 | K65: 1
B67: PORTUGAL (continuação)
B69: Dão - Luís Seabra - Granito Cru | G69: 2021 | H69: 92 | J69: 24 - 30 | K69: 3
B71: Douro - Jorge Nobre Moreira - Poeira | G71: 2013 | K71: 1
B73: Douro - Jorge Nobre Moreira - La Rosa - Reserva | G73: 2018 | K73: 3
B75: Douro - Jorge Nobre Moreira - Pó de Poeira | G75: 2019 | H75: 90 | J75: 20 - 27 | K75: 2
B77: Douro - Wine & Soul - Guru | G77: 2019 | H77: 95 | J77: 20 - 34 | K77: 3
B79: Douro - Wine & Soul - Guru | G79: 2022 | H79: 94 | J79: 24 - 34 | K79: 2
B81: Douro - Wine & Soul - Manoella | G81: 2019 | H81: 89 | J81: 20 - 26 | K81: 3
B83: Douro -Redoma Reserva | G83: 2023 | H83: 95 | J83: 25 - 35 | K83: 4
B85: Alentejo - Susana Esteban Unipessoal - Procura | G85: 2014 | H85: 90 - 92 | J85: 15 - 25 | K85: 3
B87: Alentejo - Susana Esteban - Procura - Na Ânfora | G87: 2018 | H87: 90 | J87: 19 - 27 | K87: 1
B89: Alentejo - Susana Esteban - Vinhas Velhas - Procura | G89: 2018 | K89: 2
B91: Alentejo - Susana Esteban - Vinhas Velhas - Tira o Véu | G91: 2020 | H91: 92 | J91: 20 - 30 | K91: 1
B93: Alentejo - Susana Esteban - Aventura | G93: 2020 | K93: 1
B95: Alentejo - Susana Esteban - Vinhas Velhas - Vinyle | G95: 2021 | K95: 3
B97: Alentejo - Pêra-Manca | G97: 2018 | K97: 3
B99: Alentejo - Paulo Laureano Vinus - Bacalhau - Escolha | G99: 2018 | K99: 3
B101: Alentejo - Paulo Laureano Vinus - Vinhas Velhas | G101: 2018 | K101: 3
B103: Alentejo - Esporão - Private Selection | G103: 2018 | H103: 89 | J103: 22 - 27 | K103: 1
B105: Alentejo - Esporão - Private Selection | G105: 2019 | H105: 90 | J105: 22 - 28 | K105: 2
B107: Alentejo - Esporão - Reserva | G107: 2022 | K107: 3
B109: Vinho Verde - Quinta Ameal - Solo Único | G109: 2019 | H109: 89+ | J109: 20 - 33 | K109: 3
B111: Tejo - Quinta da Alorna - Reserva - Arinto Chardonnay | G111: 2019 | K111: 1
B113: PORTUGAL ( total ) | K113: 119
L115: =SUM(K11:K112) -> 119

Sheet T. US
C3: ADEGA RICARDO SENA
D6: VINHOS DOS ESTADOS UNIDOS
B7: TINTO
B9: Vinho | G9: Safra | H9: R.P. | I9: W.S. | J9: Beber | K9: Estoque
J10: R.P.
B11: Heitz Cellar - Napa Valley-C. S. | G11: 1970 | K11: 1
B13: Heitz Cellar - Napa Valley-C. S. | G13: 1974 | H13: 98 | J13: 94 - 19 | K13: 1
B15: Heitz Cellar - Napa Valley-C. S. - Magnum | G15: 1978 | H15: 92 | J15: 87 - 30 | K15: 1
B17: Heitz Cellar - Napa Valley-C. S. | G17: 1984 | H17: 92 | K17: 1
B19: Heitz Cellar - Napa Valley-C. S. - Magnum | G19: 1984 | H19: 92 | K19: 2
B21: Heitz Cellar - Napa Valley-C. S. | G21: 1985 | H21: 94 | J21: 95 - 15 | K21: 1
B23: Heitz Cellar - Napa Valley-C. S. | G23: 1997 | H23: 90 | J23: 02 - 17 | K23: 1
B25: Heitz Cellar - Napa Valley-C. S. | G25: 2001 | H25: 95+ | I25: 93 | J25: 16 - 35 | K25: 3
B27: Diamond Creek - Volcanic Hill - C.S. | G27: 1979 | K27: 2
B29: Diamond Creek - Volcanic Hill - C.S. | G29: 1981 | K29: 1
B31: Diamond Creek - Volcanic Hill - C.S. - Magnum | G31: 2004 | H31: 96 | J31: 14 - 34 | K31: 1
B33: Dalla Valle Maya - Napa Valley - C.S. / C.F. | G33: 1988 | H33: 93 | J33: 93 - 18 | K33: 1
B35: Dalla Valle Maya - Napa Valley - C.S. / C.F. | G35: 1989 | H35: 89 | K35: 1
B37: Dalla Valle Maya - Napa Valley - C.S. / C.F. | G37: 1990 | H37: 96 | I37: 97 | K37: 1
B39: Dalla Valle Maya - Napa Valley - C.S. / C.F. | G39: 1991 | H39: 99 | I39: 95 | J39: 98 - 19 | K39: 1
B41: Dalla Valle Maya - Napa Valley - C.S. / C.F. | G41: 1992 | H41: 100 | I41: 92 | J41: 99 - 19 | K41: 2
B43: Dalla Valle Maya - Napa Valley - C.S. / C.F. | G43: 1993 | H43: 98 | I43: 93 | J43: 01 - 25 | K43: 3
B45: Dalla Valle Maya - Napa Valley - C.S. / C.F. | G45: 1994 | H45: 99 | J45: 97 - 27 | K45: 1
B47: Dalla Valle Maya - Napa Valley - C.S. / C.F. | G47: 1995 | H47: 96 - 98 | I47: 95 | K47: 1
B49: Dalla Valle Maya - Napa Valley - C.S. / C.F. | G49: 1997 | H49: 99 | J49: 05 - 30 | K49: 2
B51: Dalla Valle Maya - Napa Valley - C.S. / C.F. | G51: 2001 | H51: 98 | I51: 88 | J51: 15 - 55 | K51: 3
B53: Dalla Valle Maya - Napa Valley - C.S. / C.F. | G53: 2002 | H53: 100 | I53: 89 | J53: 18 - 40 | K53: 3
B55: Dalla Valle Maya - Napa Valley - C.S. / C.F. | G55: 2009 | H55: 99 | K55: 1
B57: Dalla Valle - Napa Valley - C.S. | G57: 1996 | H57: 96 | J57: 01 - 25 | K57: 2
B59: Paul Hobbs - Carneros - Napa Valley - C. S. | G59: 1992 | I59: 93 | K59: 1
B61: Paul Hobbs - Beckstoffer To Kalon - C. S. | G61: 2002 | H61: 100 | I61: 94 | J61: 22 - 50 | K61: 2
B63: Paul Hobbs - Beckstoffer To Kalon - C. S. | G63: 2005 | H63: 95 | I63: 95 | J63: 07 - 37 | K63: 1
B65: Paul Hobbs - Beckstoffer Dr Crane - C.S. | G65: 2005 | H65: 95+ | I65: 97 | J65: 07 - 27 | K65: 1
B67: Araujo - Eisele Vineyard - C.S. | G67: 1992 | H67: 94 - 96 | J67: 00 - 20 | K67: 3
B69: Araujo - Eisele Vineyard - C.S. | G69: 1993 | H69: 96 | I69: 94 | J69: 96 - 21 | K69: 4
B71: Araujo - Eisele Vineyard - C.S. | G71: 1994 | H71: 95 | J71: 97 - 17 | K71: 3
B73: Araujo - Eisele Vineyard - C.S. - Magnum | G73: 1994 | H73: 95 | J73: 97 - 17 | K73: 2
B75: Araujo - Eisele Vineyard - C.S. - Magnum | G75: 1995 | H75: 98 | I75: 94 | J75: 01 - 30 | K75: 1
B77: Araujo - Eisele Vineyard - C.S. | G77: 1995 | H77: 98 | I77: 94 | J77: 01 - 30 | K77: 4
B79: Araujo - Eisele Vineyard - C.S. | G79: 1996 | H79: 94 | I79: 94 | J79: 05 - 25 | K79: 1
B81: Araujo - Eisele Vineyard - C.S. | G81: 1997 | H81: 92 | I81: 94 | J81: 00 - 20 | K81: 2
B83: Araujo - Eisele Vineyard - C.S. | G83: 1999 | H83: 95 | J83: 00 - 20 | K83: 1
B85: Araujo - Eisele Vineyard - C.S. - Magnum | G85: 2000 | H85: 91 | K85: 1
B87: Araujo - Eisele Vineyard - C.S. | G87: 2001 | H87: 99 | I87: 95 - 100 | J87: 08 - 25 | K87: 3
B89: Araujo - Eisele Vineyard - C.S. - Magnum | G89: 2001 | H89: 99 | I89: 95 - 100 | J89: 08 - 25 | K89: 1
B91: Araujo - Eisele Vineyard - C.S. | G91: 2005 | H91: 98 | I91: 92 | J91: 08 - 28 | K91: 2
B93: Caymus - Special Selection - C.S. | G93: 1979 | H93: 92 | K93: 1
B95: Caymus - Special Selection - C.S. - Magnum | G95: 2001 | H95: 99 | I95: 95 | J95: 08 - 25 | K95: 1
B97: Caymus - Special Selection - C.S. | G97: 2004 | H97: 95 | I97: 94 | J97: 07 - 25 | K97: 1
B99: Caymus - Special Selection - C.S. - Magnum | G99: 2008 | H99: 94 | J99: 10 - 25 | K99: 2
B101: Shafer - Stag's Leap District - Hillside Select - C. S. | G101: 1990 | H101: 92 | J101: 14 - 23 | K101: 3
B103: Shafer - Stag's Leap District - Hillside Select - C. S. | G103: 1991 | H103: 96 | J103: 14 - 30 | K103: 2
B105: Shafer - Stag's Leap District - Hillside Select - C. S. | G105: 1992 | H105: 95 | J105: 14 - 34 | K105: 2
B107: Shafer - Stag's Leap District - Hillside Select - C. S. | G107: 1994 | H107: 96 | I107: 93 | J107: 14 - 34 | K107: 2
B109: Shafer - Stag's Leap District - Hillside Select - C. S. | G109: 1995 | H109: 98 | I109: 93 | J109: 14 - 34 | K109: 1
B111: Shafer - Stag's Leap District - Hillside Select - C. S. | G111: 1996 | H111: 93 | I111: 92 | J111: 14 - 26 | K111: 2
B113: Shafer - Stag's Leap District - Hillside Select - C. S. | G113: 1997 | H113: 96 | I113: 95 - 100 | J113: 14 - 29 | K113: 2
B115: Shafer - Stag's Leap District - Hillside Select - C. S. | G115: 1999 | H115: 97 | I115: 94 | J115: 05 - 25 | K115: 1
B117: Shafer - Stag's Leap District - Hillside Select - C. S. | G117: 2001 | H117: 100 | I117: 96 | J117: 07 - 32 | K117: 2
B119: Shafer - Stag's Leap District - Hillside Select - C. S. - Magnum | G119: 2002 | H119: 100 | I119: 97 | J119: 06 - 36 | K119: 1
B121: Shafer - Stag's Leap District - Hillside Select - C. S. | G121: 2005 | H121: 97 | I121: 92 | J121: 11 - 30 | K121: 2
B123: Lokoya - Rutherford - Napa Valley - C.S. | G123: 1995 | H123: 94 | I123: 97 | J123: 98 - 23 | K123: 1
B125: Lokoya - Rutherford - Napa Valley - C.S. | G125: 1997 | H125: 95 | I125: 93 | J125: 00 - 20 | K125: 1
B127: Lokoya - Diamond Mountain - Napa Valley - C.S. | G127: 1997 | H127: 95 | I127: 93 | J127: 00 - 20 | K127: 1
B129: Lokoya - Diamond Mountain - Napa Valley - C.S. | G129: 2002 | H129: 99 | J129: 12 - 37 | K129: 3
B131: Lokoya - Howell Mountain - Napa Valley - C.S. | G131: 2001 | H131: 99 | I131: 92 - 94 | J131: 11 - 36 | K131: 3
B133: Lokoya - Mount Veeder - Napa Valley - C.S. | G133: 2001 | H133: 100 | J133: 16 - 46 | K133: 2
B135: Lokoya - Mount Veeder - Napa Valley - C.S. | G135: 2002 | H135: 100 | I135: 92 - 94 | J135: 17 - 47 | K135: 1
B137: Lokoya - Mount Veeder - Napa Valley - C.S. - Magnum | G137: 2002 | H137: 100 | I137: 94 | J137: 17 - 47 | K137: 1
B139: Bond Melbury Oakville - Napa Valley - C.S. | G139: 2002 | H139: 100 | I139: 94 | J139: 05 - 25 | K139: 2
B141: Bond Melbury Oakville - Napa Valley - C.S. | G141: 2004 | H141: 95 | I141: 97 | J141: 07 - 32 | K141: 2
B143: Bond St. Eden - Napa Valley - C.S. | G143: 2001 | H143: 100 | I143: 96 | J143: 16 - 46 | K143: 1
B145: Bond St. Eden - Napa Valley - C.S. | G145: 2002 | H145: 100 | J145: 12 - 37 | K145: 2
B147: Bond Oakville Vecina - Napa Valley - C.S. | G147: 2001 | H147: 96+ | I147: 94 | J147: 10 - 41 | K147: 2
B149: Bond Oakville Vecina - Napa Valley - C.S. | G149: 2002 | H149: 98+ | I149: 95 | J149: 17 - 47 | K149: 2
B151: Bond Oakville Vecina - Napa Valley - C.S. - Magnum | G151: 2007 | H151: 100 | J151: 13 - 40 | K151: 1
B153: Verité La Muse - Sonoma - Me/C.F./Ma | G153: 2001 | H153: 100 | J153: 16 - 56 | K153: 2
B155: Verité La Muse - Sonoma - Me/C.F. | G155: 2002 | H155: 99 | J155: 12 - 37 | K155: 3
B157: Verité La Muse - Sonoma - Me/C.F./C.S./Ma | G157: 2003 | H157: 98 | J157: 11 - 38 | K157: 1
B159: Verité La Muse - Sonoma - Me/C.F./C.S./Ma | G159: 2004 | H159: 98 | I159: 88 | J159: 17 - 35 | K159: 2
B161: Verité La Muse - Sonoma - Me/C.F./Ma | G161: 2005 | H161: 98 | J161: 19 - 49 | K161: 2
B163: Verité La Muse - Sonoma - Me/C.F./Ma | G163: 2007 | H163: 100 | J163: 11 - 41 | K163: 1
B165: Verité La Joie - Sonoma - C.S./Me/C.F. | G165: 2002 | H165: 98 | J165: 12 - 37 | K165: 3
B167: Verité La Joie - Sonoma - C.S./Me/C.F./P.V. | G167: 2004 | H167: 99 | J167: 14 - 44 | K167: 3
B169: Verité La Joie - Sonoma - C.S./Me/C.F./P.V./Ma | G169: 2007 | H169: 100 | J169: 11 - 41 | K169: 2
B171: Verité Le Desir - Sonoma - C.F./Me/C.S./Ma | G171: 2002 | H171: 93 | J171: 12 - 22 | K171: 1
B173: Verité Le Desir - Sonoma - Me/C.F./C.S./Ma | G173: 2004 | H173: 98 | I173: 88 | J173: 11 - 31 | K173: 2
B175: Verité Le Desir - Sonoma - Me/C.F./C.S./Ma | G175: 2007 | H175: 100 | J175: 16 - 56 | K175: 4
B177: Alban Vineyards - Reva - Edna Valley - Syrah | G177: 1997 | H177: 92 | K177: 1
B179: Alban Vineyards - Edna Valley - Grenache | G179: 2005 | H179: 96 | K179: 1
B181: Alban Vineyards - Lorraine - Edna Valley - Syrah | G181: 2004 | H181: 100 | J181: 14 - 24 | K181: 2
B183: Alban Vineyards - Lorraine - Edna Valley - Syrah | G183: 2005 | H183: 100 | I183: 96 | J183: 07 - 22 | K183: 2
B185: Alban Vineyards - Lorraine - Edna Valley - Syrah | G185: 2006 | H185: 100 | I185: 97 | J185: 08 - 28 | K185: 4
B187: Peter Michael - Les Pavots - Sonoma - C.S./Me/C.F. | G187: 1996 | H187: 96 | I187: 96 | J187: 00 - 25 | K187: 1
B189: Peter Michael - Les Pavots - Sonoma - C.S./Me/C.F./P.V. | G189: 2001 | H189: 97 | I189: 99 | J189: 11 - 31 | K189: 2
B191: Peter Michael - Les Pavots - Sonoma - C.S./Me/C.F./P.V. | G191: 2002 | H191: 99 | I191: 92 | J191: 15 - 35 | K191: 3
B193: Peter Michael - Les Pavots - Sonoma - C.S./Me/C.F./P.V. | G193: 2005 | H193: 95 | I193: 97 | J193: 07 - 22 | K193: 2
B195: Peter Michael - "Ma Danseuse" - Pinot Noir | G195: 2010 | H195: 100 | J195: 13 - 25 | K195: 3
B197: Peter Michael - "Ma Danseuse" - Pinot Noir | G197: 2012 | H197: 91 - 93 | K197: 4
B199: Marcassin - Sonoma Coast - Pinot Noir | G199: 2001 | H199: 93 | J199: 07 - 15 | K199: 1
...

Sheet B. US
C3: ADEGA RICARDO SENA
D6: VINHOS DOS ESTADOS UNIDOS
B7: BRANCO
B9: Vinho | G9: Safra | H9: R.P. | I9: W.S. | J9: Beber | K9: Estoque
J10: R.P.
B11: Marcassin - Hudson Ranch - Carneros E Block | G11: 1995 | H11: 97 | I11: 96 | K11: 1
B13: Marcassin Three sisters Sonoma Coast Chardonnay | G13: 2001 | H13: 95 | I13: 98 | K13: 1
B15: Marcassin Three sisters Sonoma Coast Chardonnay | G15: 2002 | H15: 95 | I15: 97 | K15: 2
B17: Marcassin Three sisters Sonoma Coast Chardonnay | G17: 2003 | H17: 97 | I17: 93 | K17: 1
B19: Marcassin Three sisters Sonoma Coast Chardonnay | G19: 2006 | H19: 96 | I19: 96 | K19: 2
B21: Marcassin Three sisters Sonoma Coast Chardonnay | G21: 2007 | H21: 96+ | I21: 95 | K21: 1
B23: Marcassin - Gauer Vineyard - Alexander Valley - Chardonnay | G23: 1994 | K23: 1
B25: Marcassin - Gauer Vineyard - Alexander Valley - Chardonnay | G25: 1995 | K25: 1
B27: Marcassin - Alexander Mountain Upper Barn - Alexander Valley - Chardonnay | G27: 2000 | H27: 90 | K27: 1
B29: Kistler - Sonoma Chardonnay | G29: 1992 | H29: 95 | K29: 3
B31: Kistler - Sonoma Chardonnay | G31: 1994 | H31: 96 | K31: 3
B33: Kistler - Sonoma Chardonnay | G33: 1995 | H33: 94 | K33: 1
B35: Kistler - Sonoma Chardonnay Cuvee Cathleen | G35: 1994 | H35: 96 | I35: 93 | K35: 2
B37: Kistler - Sonoma Chardonnay Cuvee Cathleen | G37: 1997 | H37: 96 | I37: 92 | K37: 2
B39: Kistler - Sonoma Chardonnay Cuvee Cathleen | G39: 1998 | H39: 95 - 96 | K39: 2
B41: Kistler - Sonoma Chardonnay Cuvee Cathleen | G41: 1999 | H41: 97 | J41: 02 - 10 | K41: 1
B43: Kistler - Sonoma Chardonnay Cuvee Cathleen | G43: 2003 | H43: 98 - 100 | K43: 2
B45: Kistler - Sonoma Chardonnay Cuvee Cathleen | G45: 2006 | H45: 98 | K45: 1
B47: Kistler - Sonoma Chardonnay Cuvee Cathleen | G47: 2007 | H47: 97 | K47: 1
B49: Kistler - Carneros - Hudson Vineyard - Chardonnay | G49: 2009 | H49: 96+ | K49: 1
B51: Kistler - Carneros - Hudson Vineyard - Chardonnay | G51: 2013 | H51: 91 | J51: 16 - 22 | K51: 1
B53: Kistler - Sonoma Coast - Durell Vineyard - Chardonnay | G53: 2012 | H53: 94 | K53: 1
B55: Kistler - Sonoma Coast - Dutton Ranch - Chardonnay | G55: 2011 | H55: 93 | K55: 1
B57: Kistler - Sonoma Coast - Les Noisetiers - Chardonnay | G57: 2020 | K57: 3
B59: Kistler - Sonoma Coast - Les Noisetiers - Chardonnay | G59: 2021 | K59: 4
B61: Kistler - Stone Flat - Sonoma Coast - Chardonnay | G61: 2012 | H61: 92 | K61: 1
B63: Kistler - Trenton Road House - Sonoma Coast - Chardonnay | G63: 2009 | H63: 96 | K63: 1
B65: Kistler - Russian River Valley - Vine Hill Vineyard | G65: 1994 | H65: 93 | K65: 1
B67: Kistler - Russian River Valley - Vine Hill Vineyard | G67: 2001 | H67: 95 | K67: 1
B69: Kistler - Russian River Valley - Vine Hill Vineyard | G69: 2002 | H69: 92 - 95 | K69: 1
B71: Kistler - Russian River Valley - Vine Hill Vineyard | G71: 2012 | H71: 95 | J71: 15 - 22 | K71: 1
B73: Kistler - Russian River Valley - Dutton Ranch - Chardonnay | G73: 2000 | H73: 91 | K73: 1
B75: Kistler - Russian River Valley - Dutton Ranch - Chardonnay | G75: 2013 | H75: 94 | J75: 16 - 22 | K75: 1
B77: Peter Michael - Clos Dú Ciel - Magnum | G77: 1996 | H77: 93 | K77: 1
B79: Peter Michael - Cuvée Indigène | G79: 1995 | H79: 95 | K79: 1
B81: Peter Michael - Cuvée Indigène - Magnum | G81: 1997 | H81: 95 | K81: 1
B83: Peter Michael - Cuvée Indigène | G83: 1998 | H83: 96 | K83: 1
B85: Peter Michael - Mon Plaisir | G85: 1997 | H85: 94 | K85: 1
B87: Peter Michael - Mon Plaisir | G87: 1998 | H87: 95 | K87: 1
B89: Peter Michael - Mon Plaisir | G89: 2012 | H89: 97 | K89: 1
B91: Peter Michael Belle Côte | G91: 1997 | H91: 93 | K91: 1
B93: Peter Michael Belle Côte | G93: 1998 | H93: 95 | K93: 1
B95: Peter Michael - La Carrière | G95: 1998 | H95: 95 | K95: 1
B97: Peter Michael - Point Rouge | G97: 1999 | H97: 94 | K97: 1
B99: Peter Michael - Point Rouge | G99: 2007 | H99: 98 | K99: 1
B101: Peter Michael - Point Rouge | G101: 2008 | H101: 98 | K101: 1
B103: Peter Michael Belle Côte | G103: 2002 | H103: 95 - 98 | K103: 1
B105: Peter Michael Ma Belle - Fille | G105: 2004 | H105: 94 | K105: 2
B107: Paul Hobbs -Chardonnay | G107: 2016 | H107: 92 | J107: 18 - 25 | K107: 2
B109: Kongsgaard - Wines Napa - The Judge - Chardonnay | G109: 2004 | H109: 98 | K109: 1
B111: Sine Qua Non Body & Soul Roussanne | G111: 2007 | H111: 96 | K111: 1
B113: Du Mol - Chloe - Russian River Valley - Chardonnay | G113: 2003 | K113: 1
B115: Monte Bello - Ridge California - Chardonnay | G115: 2006 | H115: 94 | J115: 13 - 26 | K115: 1
B117: Cloudline - Pinot Gris | G117: 2017 | K117: 2
B119: Patterson - Sta. Rita Hills - Chardonnay | G119: 2020 | K119: 1
B121: Chateau Montelena - Chardonnay | G121: 2022 | K121: 1
B123: ESTADOS UNIDOS ( total ) | K123: 74

Sheet T. Aust
C3: ADEGA RICARDO SENA
D6: VINHOS DA AUSTRÁLIA
B7: TINTO
B9: Vinho | G9: Safra | H9: R.P. | I9: W.S. | J9: Beber | K9: Estoque
J10: R.P.
B11: Grange Hermitage - Penfolds - Barossa Valley - Shiraz | G11: 1966 | H11: 93 | J11: 02 - 12 | K11: 2
B13: Grange Hermitage - Penfolds - Barossa Valley - Shiraz | G13: 1967 | H13: 90 | I13: 91 | J13: - 02 | K13: 1
B15: Grange Hermitage - Penfolds - Barossa Valley - Shiraz | G15: 1971 | H15: 96 | I15: 92 | J15: - 12 | K15: 1
B17: Grange Hermitage - Penfolds - Barossa Valley - Shiraz | G17: 1973 | H17: 90 | I17: 87 | J17: 02 - 09 | K17: 2
B19: Grange Hermitage - Penfolds - Barossa Valley - Shiraz | G19: 1975 | H19: 92 | J19: 00 - 17 | K19: 3
B21: Grange Hermitage - Penfolds - Barossa Valley - Shiraz | G21: 1977 | H21: 93 | J21: 00 - 18 | K21: 3
B23: Grange Hermitage - Penfolds - Barossa Valley - Shiraz | G23: 1980 | H23: 94+ | K23: 1
B25: Grange Hermitage - Penfolds - Barossa Valley - Shiraz | G25: 1981 | H25: 97 | I25: 89 | J25: 05 - 25 | K25: 5
B27: Grange Hermitage - Penfolds - Barossa Valley - Shiraz | G27: 1982 | H27: 97 | I27: 92 | J27: 02 - 16 | K27: 3
B29: Grange Hermitage - Penfolds - Barossa Valley - Shiraz | G29: 1984 | H29: 94 | K29: 2
B31: Grange Hermitage - Penfolds - Barossa Valley - Shiraz | G31: 1986 | H31: 98+ | I31: 98 | J31: 09 - 39 | K31: 6
B33: Grange - Penfolds - Barossa Valley - Shiraz | G33: 1990 | H33: 95 | J33: 12 - 20 | K33: 1
B35: Grange - Penfolds - Barossa Valley - Shiraz | G35: 1991 | H35: 93 | I35: 95 | J35: 02 - 17 | K35: 1
B37: Grange - Penfolds - Barossa Valley - Shiraz | G37: 1997 | H37: 94 | K37: 1
B39: Grange - Penfolds - Barossa Valley - Shiraz | G39: 1998 | H39: 98+ | I39: 97 | J39: 09 - 39 | K39: 5
B41: Grange - Penfolds - Barossa Valley - Shiraz | G41: 1999 | H41: 92 | I41: 94 | J41: 06 - 19 | K41: 5
B43: Grange - Penfolds - Barossa Valley - Shiraz | G43: 2001 | H43: 98+ | I43: 93 | J43: 10 - 30 | K43: 2
B45: Grange - Penfolds - Barossa Valley - Shiraz | G45: 2002 | H45: 98 | I45: 95 | J45: 07 - 50 | K45: 2
B47: Grange - Penfolds - Barossa Valley - Shiraz | G47: 2003 | H47: 92 | I47: 94 | J47: 14 - 30 | K47: 1
B49: Grange - Penfolds - Barossa Valley - Shiraz | G49: 2004 | H49: 99 | I49: 98 | J49: 16 - 50 | K49: 4
B51: Grange - Penfolds - Barossa Valley - Shiraz | G51: 2005 | H51: 97 | J51: 13 - 25 | K51: 1
B53: Bin 95 - Penfolds - Barossa Valley - C. S. | G53: 1981 | K53: 1
B55: Bin 95 - Penfolds - Barossa Valley - Shiraz | G55: 1985 | K55: 1
B57: Bin 95 - Penfolds - Barossa Valley - C. S. | G57: 2009 | K57: 1
B59: Bin 707 - Penfolds - Barossa Valley - C. S. | G59: 1986 | K59: 1
B61: Bin 707 - Penfolds - Barossa Valley - C. S. | G61: 1998 | H61: 90 | K61: 1
B63: Bin 707 - Penfolds - Barossa Valley - C. S. | G63: 2005 | H63: 94 | J63: 09 - 34 | K63: 1
B65: Block 42 - Penfolds - Barossa Valley - Kalimna C. S. | G65: 1996 | K65: 1
B67: Henschke Hill Of Grace - Henschke - Shiraz | G67: 1987 | H67: 93 | K67: 4
B69: Henschke Hill Of Grace - Henschke - Shiraz - Magnum | G69: 1987 | H69: 93 | K69: 1
B71: Henschke Hill Of Grace - Henschke - Shiraz | G71: 1989 | H71: 94 | K71: 2
B73: Henschke Hill Of Grace - Henschke - Shiraz | G73: 1990 | H73: 97 | J73: 13 - 25 | K73: 4
B75: Henschke Hill Of Grace - Henschke - Shiraz | G75: 1991 | H75: 97 | I75: 91 | J75: 10 - 25 | K75: 4
B77: Henschke Hill Of Grace - Henschke - Shiraz | G77: 1994 | H77: 98 | I77: 95 | J77: 13 - 30 | K77: 4
B79: Henschke Hill Of Grace - Henschke - Shiraz | G79: 1996 | H79: 92 | I79: 98 | J79: 10 - 30 | K79: 2
B81: Henschke Hill Of Grace - Henschke - Shiraz | G81: 1998 | H81: 97 | I81: 93 | J81: 06 - 20 | K81: 4
B83: Henschke Hill Of Grace - Henschke - Shiraz | G83: 1999 | H83: 98 | I83: 93 | J83: 06 - 24 | K83: 3
B85: Henschke Hill Of Grace - Henschke - Shiraz | G85: 2002 | H85: 98 | I85: 98 | J85: 06 - 31 | K85: 1
B87: Henschke Hill Of Grace - Henschke - Shiraz | G87: 2004 | H87: 99 | I87: 97 | J87: 15 - 40 | K87: 2
B89: Chris Ringland - Shiraz - Ex - Three rivers | G89: 1993 | H89: 99 | J89: 98 - 18 | K89: 2
B91: Chris Ringland - Shiraz - Ex - Three rivers | G91: 1996 | H91: 100 | J91: 10 - 40 | K91: 4
B93: Chris Ringland - Shiraz - Ex - Three rivers | G93: 1998 | H93: 100 | J93: 04 - 24 | K93: 2
B95: Chris Ringland - Shiraz - Ex - Three rivers | G95: 2002 | H95: 100 | J95: 09 - 27 | K95: 1
B97: Chris Ringland - Shiraz - Ex - Three rivers | G97: 2001 | H97: 100 | J97: 06 - 36 | K97: 1
B99: Greenock Creek - Roennfeldt Road - C. S. | G99: 1995 | H99: 99 | J99: - 19 | K99: 2
B101: Greenock Creek - Roennfeldt Road - Shiraz | G101: 1996 | H101: 100 | J101: 02 - 18 | K101: 2
B103: Greenock Creek - Roennfeldt Road - Shiraz | G103: 1998 | H103: 100 | J103: 01 - 21 | K103: 4
B105: Greenock Creek - Roennfeldt Road - Shiraz | G105: 2002 | H105: 96+ | J105: 11 - 25 | K105: 1
B107: Greenock Creek - Creek Block - Shiraz | G107: 1998 | H107: 98 | J107: 01 - 25 | K107: 2
B109: Greenock Creek - Creek Block Shiraz | G109: 2001 | H109: 100 | J109: 11 - 35 | K109: 2
B111: Wolf Blass - Black Label - C. S. - Shiraz | G111: 1982 | K111: 1
B113: Wolf Blass - Black Label - C. S. - Shiraz | G113: 1991 | K113: 1
B115: The Dead Arm - D'Arenberg - Mc Laren Valley - Shiraz | G115: 2003 | H115: 95 | J115: 05 - 20 | K115: 1
B117: Two Hands Wines - Ares - Shiraz | G117: 2002 | H117: 98 | I117: 95 | J117: 04 - 24 | K117: 2
B119: Two Hands Wines - Ares - Shiraz | G119: 2003 | H119: 98 | I119: 95 | J119: 05 - 25 | K119: 2
B121: Two Hands Wines - Aphrodite _ C.S. | K121: 3
B123: Torbreck - Barossa Valley - RunRig - Shiraz | G123: 1995 | H123: 98 | J123: 10 - 20 | K123: 2
B125: Torbreck - Barossa Valley - RunRig - Shiraz | G125: 1998 | H125: 99 | I125: 95 | J125: 09 - 19 | K125: 2
B127: Torbreck - Barossa Valley - RunRig - Shiraz | G127: 1999 | H127: 96 | J127: 13 - 24 | K127: 2
B129: Torbreck - Barossa Valley - RunRig - Shiraz | G129: 2001 | H129: 99 | I129: 98 | J129: 09 - 24 | K129: 3
B131: Torbreck - Barossa Valley - RunRig - Shiraz | G131: 2002 | H131: 99 | I131: 93 | J131: 07 - 20 | K131: 4
B133: Torbreck - Barossa Valley - RunRig - Shiraz | G133: 2004 | H133: 99+ | K133: 3
B135: Torbreck - Barossa Valley - RunRig - Shiraz | G135: 2005 | H135: 98+ | I135: 95 | J135: 09 - 40 | K135: 1
B137: Torbreck - Barossa Valley - Les Amis - Grenache | G137: 2002 | H137: 98 | I137: 92 | J137: 09 - 19 | K137: 1
B139: Torbreck - Barossa Valley - Les Amis - Grenache | G139: 2004 | H139: 98 | J139: 06 - 26 | K139: 1
B141: Torbreck - Barossa Valley - Les Amis - Grenache | G141: 2009 | H141: 98 | K141: 1
B143: Torbreck - Barossa Valley - Descendant - Shiraz/Viognier | G143: 2005 | H143: 97 | I143: 91 | J143: 17 - 30 | K143: 2
B145: Torbreck - Barossa Valley - The Factor - Shiraz | G145: 2004 | H145: 97 | K145: 2
B147: Torbreck - Barossa Valley - The Factor - Shiraz | G147: 2005 | H147: 97 | I147: 92 | J147: 07 - 17 | K147: 1
B149: Clarendon Hills - Astralis - Shiraz | G149: 1996 | H149: 97 | I149: 96 | J149: 09 - 40 | K149: 3
B151: Clarendon Hills - Astralis - Shiraz | G151: 1998 | H151: 98 | I151: 95 | J151: 14 - 44 | K151: 3
B153: Clarendon Hills - Astralis - Shiraz | G153: 2001 | H153: 99 | I153: 92 | J153: 13 - 43 | K153: 2
B155: Clarendon Hills - Astralis - Shiraz | G155: 2002 | H155: 99 | I155: 95 | J155: 12 - 25 | K155: 3
B157: Clarendon Hills - Astralis - Shiraz | G157: 2003 | H157: 99 | I157: 95 | J157: 10 - 30 | K157: 2
B159: Clarendon Hills - Astralis - Shiraz | G159: 2005 | H159: 99 | K159: 2
B161: Jasper Hill - Heathcote - Emily's Paddock - Shiraz | G161: 1994 | H161: 98 | J161: 11 - 20 | K161: 2
B163: Jasper Hill - Heathcote - Emily's Paddock - Shiraz | G163: 1996 | H163: 95 | K163: 2
B165: Wild Duck Creek - Heathcote - Shiraz | G165: 1997 | H165: 95 | J165: 09 - 17 | K165: 2
B167: Veritas Winery - Barossa Valley - Hanisch - Shiraz | G167: 1998 | H167: 96 | J167: 09 - 17 | K167: 2
B169: Kaesler Barossa Valley - Old Bastard - Shiraz | G169: 2001 | H169: 96 | J169: 05 - 18 | K169: 1
B171: Kalleske Barossa Valley - Johann Georg - Shiraz | G171: 2003 | H171: 97 - 100 | K171: 2
B173: Branson Coach House - Shiraz | G173: 2003 | H173: 98 | J173: 07 - 25 | K173: 3
B175: Branson Coach House - C. S. | G175: 2004 | H175: 98 | J175: 09 - 39 | K175: 1
B177: The Octavius - Yalumba Barossa Valley - Shiraz | G177: 2004 | H177: 96 | K177: 1
B179: Mitolo - G.A.M. - McLaren Valley - Shiraz | G179: 2006 | H179: 95 | I179: 88 | J179: 12 - 26 | K179: 1
B181: Mitolo - Savitar - McLaren Valley - Shiraz | G181: 2006 | H181: 94+ | I181: 90 | J181: 15 - 40 | K181: 1
B183: Amon-Ra - Glaetzer Wines - Barossa Valley - Shiraz | G183: 2006 | H183: 94 | I183: 91 | J183: 13 - 20 | K183: 1
B185: Amon-Ra - Glaetzer Wines - Barossa Valley - Shiraz | G185: 2008 | H185: 95 | J185: 13 - 22 | K185: 1
B187: The Coppermine Road - Mc Laren Valley - C. S. | G187: 2006 | H187: 93+ | J187: 16 - 36 | K187: 1
B189: Jim Barry - The Armagh - Shiraz | G189: 2008 | H189: 94 | K189: 1
B191: Vasse Felix -Margaret River- C. S. | G191: 2017 | H191: 89 | K191: 1
B193: Hundred Acre - Ancient Way - Shiraz | G193: 2006 | H193: 95 | J193: 18 - 35 | K193: 2
B195: Hundred Acre - Deep Time - Shiraz | G195: 2010 | H195: 96+ | K195: 1
B197: Vasse Felix -Margaret River- Shiraz | G197: 2018 | K197: 1
B199: AUSTRÁLIA ( total ) | K199: 190
